date,Cash On Hand,Receivables,Inventory,Pre-Paid Expenses,Other Current Assets,Total Current Assets,"Property, Plant, And Equipment",Long-Term Investments,Goodwill And Intangible Assets,Other Long-Term Assets,Total Long-Term Assets,Total Assets,Total Current Liabilities,Long Term Debt,Other Non-Current Liabilities,Total Long Term Liabilities,Total Liabilities,Common Stock Net,Retained Earnings (Accumulated Deficit),Comprehensive Income,Other Share Holders Equity,Share Holder Equity,Total Liabilities And Share Holders Equity,ticker
2021-03-31,3116.00000,2185.00000,1653.00000,243.00000,,7197.00000,681.00000,65.00000,289.00000,412.00000,2850.00000,10047.00000,2864.00000,313.00000,155.00000,706.00000,3570.00000,12.00000,-4058.00000,6.00000,,6477.00000,10047.00000,AMD
2020-12-31,2290.00000,2076.00000,1399.00000,378.00000,,6143.00000,641.00000,63.00000,289.00000,373.00000,2819.00000,8962.00000,2417.00000,330.00000,177.00000,708.00000,3125.00000,12.00000,-4605.00000,17.00000,,5837.00000,8962.00000,AMD
2020-09-30,1771.00000,2138.00000,1292.00000,299.00000,,5500.00000,595.00000,60.00000,289.00000,364.00000,1523.00000,7023.00000,2417.00000,373.00000,161.00000,739.00000,3156.00000,12.00000,-6386.00000,5.00000,,3867.00000,7023.00000,AMD
2020-06-30,1775.00000,1799.00000,1324.00000,211.00000,,5109.00000,585.00000,59.00000,289.00000,326.00000,1474.00000,6583.00000,2434.00000,490.00000,150.00000,844.00000,3278.00000,12.00000,-6776.00000,-4.00000,,3305.00000,6583.00000,AMD
2020-03-31,1385.00000,1691.00000,1056.00000,258.00000,,4390.00000,540.00000,58.00000,289.00000,366.00000,1474.00000,5864.00000,1985.00000,488.00000,143.00000,842.00000,2827.00000,12.00000,-6933.00000,-14.00000,,3037.00000,5864.00000,AMD
2019-12-31,1503.00000,1879.00000,982.00000,233.00000,,4597.00000,500.00000,58.00000,289.00000,357.00000,1431.00000,6028.00000,2359.00000,486.00000,157.00000,842.00000,3201.00000,12.00000,-7095.00000,,,2827.00000,6028.00000,AMD
2019-09-30,1209.00000,1393.00000,1040.00000,270.00000,,3912.00000,453.00000,59.00000,289.00000,335.00000,1341.00000,5253.00000,1864.00000,872.00000,140.00000,1213.00000,3077.00000,11.00000,-7265.00000,-7.00000,,2176.00000,5253.00000,AMD
2019-06-30,1128.00000,1333.00000,1015.00000,278.00000,,3754.00000,458.00000,58.00000,289.00000,331.00000,1348.00000,5102.00000,1804.00000,1031.00000,155.00000,1397.00000,3201.00000,11.00000,-7385.00000,,,1901.00000,5102.00000,AMD
2019-03-31,1194.00000,1241.00000,955.00000,115.00000,172.00000,3677.00000,377.00000,57.00000,289.00000,317.00000,1254.00000,4931.00000,1764.00000,1024.00000,142.00000,1379.00000,3143.00000,11.00000,-7420.00000,-1.00000,,1788.00000,4931.00000,AMD
2018-12-31,1156.00000,1235.00000,845.00000,304.00000,,3540.00000,348.00000,58.00000,289.00000,321.00000,1016.00000,4556.00000,1984.00000,1114.00000,192.00000,1306.00000,3290.00000,10.00000,-7436.00000,-8.00000,,1266.00000,4556.00000,AMD
2018-09-30,1056.00000,1207.00000,738.00000,113.00000,200.00000,3314.00000,318.00000,58.00000,289.00000,368.00000,1033.00000,4347.00000,1878.00000,1167.00000,177.00000,1344.00000,3222.00000,10.00000,-7474.00000,-10.00000,,1125.00000,4347.00000,AMD
2018-06-30,983.00000,1118.00000,750.00000,93.00000,155.00000,3099.00000,295.00000,57.00000,289.00000,363.00000,1004.00000,4103.00000,1868.00000,1170.00000,186.00000,1356.00000,3224.00000,10.00000,-7576.00000,-10.00000,,879.00000,4103.00000,AMD
2018-03-31,1045.00000,738.00000,715.00000,85.00000,168.00000,2751.00000,290.00000,57.00000,289.00000,376.00000,1012.00000,3763.00000,1697.00000,1165.00000,186.00000,1351.00000,3048.00000,10.00000,-7692.00000,3.00000,,715.00000,3763.00000,AMD
2017-12-31,1185.00000,454.00000,694.00000,110.00000,191.00000,2634.00000,261.00000,58.00000,289.00000,310.00000,918.00000,3552.00000,1513.00000,1325.00000,118.00000,1443.00000,2956.00000,9.00000,-7775.00000,6.00000,,596.00000,3552.00000,AMD
2017-09-30,879.00000,771.00000,794.00000,98.00000,157.00000,2699.00000,236.00000,57.00000,289.00000,305.00000,887.00000,3586.00000,1591.00000,1356.00000,119.00000,1475.00000,3066.00000,10.00000,-7821.00000,2.00000,,520.00000,3586.00000,AMD
2017-06-30,844.00000,614.00000,833.00000,78.00000,142.00000,2511.00000,200.00000,58.00000,289.00000,312.00000,859.00000,3370.00000,1449.00000,1375.00000,129.00000,1504.00000,2953.00000,9.00000,-7892.00000,0.00000,,417.00000,3370.00000,AMD
2017-03-31,943.00000,494.00000,839.00000,104.00000,118.00000,2498.00000,180.00000,58.00000,289.00000,274.00000,801.00000,3299.00000,1372.00000,1408.00000,110.00000,1518.00000,2890.00000,9.00000,-7876.00000,-4.00000,,409.00000,3299.00000,AMD
2016-12-31,1264.00000,311.00000,751.00000,95.00000,109.00000,2530.00000,164.00000,59.00000,289.00000,279.00000,791.00000,3321.00000,1346.00000,1435.00000,124.00000,1559.00000,2905.00000,9.00000,-7803.00000,-5.00000,,416.00000,3321.00000,AMD
2016-09-30,1258.00000,640.00000,772.00000,76.00000,78.00000,2824.00000,161.00000,60.00000,289.00000,282.00000,792.00000,3616.00000,1473.00000,1632.00000,126.00000,1758.00000,3231.00000,9.00000,-7752.00000,-3.00000,,385.00000,3616.00000,AMD
2016-06-30,957.00000,671.00000,743.00000,80.00000,55.00000,2506.00000,169.00000,62.00000,289.00000,290.00000,810.00000,3316.00000,1581.00000,2012.00000,136.00000,2148.00000,3729.00000,8.00000,-7346.00000,-3.00000,,-413.00000,3316.00000,AMD
2016-03-31,716.00000,508.00000,675.00000,75.00000,252.00000,2226.00000,176.00000,,278.00000,301.00000,755.00000,2981.00000,1328.00000,2006.00000,150.00000,2156.00000,3484.00000,8.00000,-7415.00000,-6.00000,,-503.00000,2981.00000,AMD
2015-12-31,785.00000,533.00000,678.00000,76.00000,248.00000,2320.00000,188.00000,,278.00000,298.00000,764.00000,3084.00000,1403.00000,2007.00000,86.00000,2093.00000,3496.00000,8.00000,-7306.00000,-8.00000,,-412.00000,3084.00000,AMD
2015-09-30,755.00000,648.00000,761.00000,83.00000,219.00000,2466.00000,194.00000,,283.00000,286.00000,763.00000,3229.00000,1449.00000,2030.00000,86.00000,2116.00000,3565.00000,8.00000,-7204.00000,-15.00000,,-336.00000,3229.00000,AMD
2015-06-30,829.00000,687.00000,799.00000,136.00000,,2451.00000,289.00000,,320.00000,321.00000,930.00000,3381.00000,1399.00000,2034.00000,89.00000,2123.00000,3522.00000,8.00000,-7007.00000,-5.00000,,-141.00000,3381.00000,AMD
2015-03-31,906.00000,771.00000,688.00000,132.00000,,2497.00000,297.00000,,320.00000,314.00000,931.00000,3428.00000,1292.00000,2033.00000,86.00000,2119.00000,3411.00000,8.00000,-6826.00000,-12.00000,,17.00000,3428.00000,AMD
2014-12-31,1040.00000,818.00000,685.00000,145.00000,48.00000,2736.00000,302.00000,,385.00000,344.00000,1031.00000,3767.00000,1440.00000,2035.00000,105.00000,2140.00000,3580.00000,8.00000,-6646.00000,-5.00000,,187.00000,3767.00000,AMD
2014-09-30,938.00000,973.00000,897.00000,212.00000,,3020.00000,328.00000,,622.00000,355.00000,1305.00000,4325.00000,1566.00000,2106.00000,118.00000,2224.00000,3790.00000,8.00000,-6282.00000,-1.00000,,535.00000,4325.00000,AMD
2014-06-30,948.00000,872.00000,960.00000,152.00000,,2932.00000,329.00000,,625.00000,360.00000,1314.00000,4246.00000,1505.00000,2109.00000,131.00000,2240.00000,3745.00000,8.00000,-6299.00000,1.00000,,501.00000,4246.00000,AMD
2014-03-31,902.00000,840.00000,869.00000,79.00000,,2690.00000,337.00000,80.00000,628.00000,373.00000,1418.00000,4108.00000,1384.00000,2078.00000,135.00000,2213.00000,3597.00000,8.00000,-6263.00000,-3.00000,,511.00000,4108.00000,AMD
2013-12-31,1097.00000,832.00000,884.00000,71.00000,,2884.00000,346.00000,90.00000,631.00000,386.00000,1453.00000,4337.00000,1618.00000,1998.00000,177.00000,2175.00000,3793.00000,7.00000,-6243.00000,-2.00000,,544.00000,4337.00000,AMD
2013-09-30,1060.00000,873.00000,922.00000,84.00000,,2939.00000,358.00000,121.00000,635.00000,264.00000,1378.00000,4317.00000,1762.00000,2044.00000,77.00000,2121.00000,3883.00000,7.00000,-6332.00000,-2.00000,,434.00000,4317.00000,AMD
2013-06-30,968.00000,670.00000,711.00000,109.00000,,2458.00000,402.00000,149.00000,640.00000,248.00000,1439.00000,3897.00000,1451.00000,2042.00000,45.00000,2087.00000,3538.00000,7.00000,-6380.00000,-6.00000,,359.00000,3897.00000,AMD
2013-03-31,1003.00000,645.00000,613.00000,77.00000,,2338.00000,411.00000,180.00000,645.00000,223.00000,1459.00000,3797.00000,1321.00000,2039.00000,22.00000,2061.00000,3382.00000,7.00000,-6306.00000,-4.00000,,415.00000,3797.00000,AMD
2012-12-31,1002.00000,630.00000,562.00000,71.00000,,2265.00000,658.00000,181.00000,649.00000,247.00000,1735.00000,4000.00000,1397.00000,2037.00000,28.00000,2065.00000,3462.00000,7.00000,-6160.00000,-3.00000,,538.00000,4000.00000,AMD
2012-09-30,1300.00000,683.00000,744.00000,88.00000,,2815.00000,685.00000,180.00000,653.00000,279.00000,1797.00000,4612.00000,1555.00000,2035.00000,33.00000,2068.00000,3623.00000,7.00000,-5687.00000,-2.00000,,989.00000,4612.00000,AMD
2012-06-30,1579.00000,744.00000,833.00000,77.00000,,3233.00000,707.00000,180.00000,658.00000,263.00000,1808.00000,5041.00000,2352.00000,1532.00000,40.00000,1572.00000,3924.00000,7.00000,-5530.00000,-4.00000,,1117.00000,5041.00000,AMD
2012-03-31,1544.00000,962.00000,585.00000,104.00000,,3195.00000,715.00000,169.00000,662.00000,247.00000,1793.00000,4988.00000,2347.00000,1529.00000,60.00000,1589.00000,3936.00000,7.00000,-5567.00000,-3.00000,,1052.00000,4988.00000,AMD
2011-12-31,1765.00000,919.00000,476.00000,69.00000,,3229.00000,726.00000,427.00000,331.00000,241.00000,1725.00000,4954.00000,1774.00000,1527.00000,63.00000,1590.00000,3364.00000,7.00000,-4977.00000,-5.00000,,1590.00000,4954.00000,AMD
2011-09-30,1807.00000,908.00000,540.00000,157.00000,,3412.00000,697.00000,536.00000,334.00000,257.00000,1824.00000,5236.00000,1855.00000,1571.00000,66.00000,1637.00000,3492.00000,7.00000,-4800.00000,-8.00000,,1744.00000,5236.00000,AMD
2011-06-30,1861.00000,759.00000,642.00000,176.00000,,3438.00000,686.00000,486.00000,342.00000,272.00000,1786.00000,5224.00000,1312.00000,2195.00000,76.00000,2271.00000,3583.00000,7.00000,-4897.00000,0.00000,,1641.00000,5224.00000,AMD
2011-03-31,1745.00000,797.00000,648.00000,221.00000,,3411.00000,676.00000,486.00000,351.00000,285.00000,1798.00000,5209.00000,1375.00000,2192.00000,84.00000,2276.00000,3651.00000,7.00000,-4958.00000,2.00000,,1558.00000,5209.00000,AMD
2010-12-31,1789.00000,968.00000,632.00000,205.00000,,3594.00000,700.00000,,323.00000,347.00000,1370.00000,4964.00000,1674.00000,2188.00000,89.00000,2277.00000,3951.00000,7.00000,-5468.00000,1.00000,,1013.00000,4964.00000,AMD
2010-09-30,1726.00000,765.00000,622.00000,99.00000,,3212.00000,723.00000,,371.00000,289.00000,1383.00000,4595.00000,1665.00000,2185.00000,131.00000,2316.00000,3981.00000,7.00000,-5843.00000,12.00000,,614.00000,4595.00000,AMD
2010-06-30,1896.00000,725.00000,581.00000,111.00000,,3313.00000,755.00000,148.00000,387.00000,352.00000,1642.00000,4955.00000,1630.00000,2418.00000,154.00000,2573.00000,4203.00000,7.00000,-5725.00000,7.00000,,752.00000,4955.00000,AMD
2010-03-31,1932.00000,675.00000,577.00000,147.00000,,3331.00000,789.00000,270.00000,404.00000,438.00000,1901.00000,5232.00000,1645.00000,2601.00000,189.00000,2791.00000,4436.00000,7.00000,-5682.00000,22.00000,,796.00000,5232.00000,AMD
2009-12-31,2676.00000,745.00000,567.00000,287.00000,,4275.00000,3809.00000,,421.00000,573.00000,4803.00000,9078.00000,2210.00000,4252.00000,892.00000,6220.00000,8430.00000,7.00000,-5939.00000,154.00000,,648.00000,9078.00000,AMD
2009-09-30,2511.00000,572.00000,515.00000,279.00000,,3918.00000,3895.00000,,439.00000,495.00000,4829.00000,8747.00000,2076.00000,5275.00000,645.00000,7240.00000,9316.00000,7.00000,-7125.00000,137.00000,,-569.00000,8747.00000,AMD
2009-06-30,2514.00000,366.00000,493.00000,302.00000,,3713.00000,4042.00000,,456.00000,472.00000,4970.00000,8683.00000,2022.00000,5243.00000,577.00000,7126.00000,9148.00000,7.00000,-6997.00000,127.00000,,-465.00000,8683.00000,AMD
2009-03-31,2719.00000,414.00000,539.00000,254.00000,,3971.00000,4137.00000,,473.00000,471.00000,5081.00000,9052.00000,2079.00000,5282.00000,546.00000,7136.00000,9215.00000,7.00000,-6667.00000,117.00000,,-163.00000,9052.00000,AMD
2008-12-31,1096.00000,320.00000,656.00000,279.00000,,2379.00000,4296.00000,,491.00000,506.00000,5293.00000,7672.00000,2226.00000,4490.00000,569.00000,5319.00000,7545.00000,6.00000,-6244.00000,108.00000,,127.00000,7672.00000,AMD
2008-09-30,1341.00000,620.00000,844.00000,240.00000,,3297.00000,4440.00000,,1169.00000,535.00000,6144.00000,9441.00000,2392.00000,4874.00000,657.00000,5710.00000,8102.00000,6.00000,-4774.00000,126.00000,,1339.00000,9441.00000,AMD
2008-06-30,1567.00000,437.00000,791.00000,244.00000,,3431.00000,4599.00000,,1198.00000,556.00000,6353.00000,9784.00000,2468.00000,4955.00000,695.00000,5842.00000,8310.00000,6.00000,-4647.00000,153.00000,,1474.00000,9784.00000,AMD
2008-03-31,1753.00000,538.00000,785.00000,332.00000,,3513.00000,4765.00000,,2444.00000,486.00000,7695.00000,11208.00000,2738.00000,5025.00000,615.00000,5833.00000,8571.00000,6.00000,-3458.00000,148.00000,,2637.00000,11208.00000,AMD
2007-12-31,1889.00000,640.00000,810.00000,401.00000,,4563.00000,4716.00000,,1751.00000,520.00000,6987.00000,11550.00000,2625.00000,5031.00000,633.00000,5935.00000,8560.00000,6.00000,-3100.00000,163.00000,,2990.00000,11550.00000,AMD
2007-09-30,1528.00000,682.00000,839.00000,432.00000,,3543.00000,4725.00000,,4159.00000,507.00000,9391.00000,12934.00000,2702.00000,5117.00000,650.00000,6107.00000,8809.00000,6.00000,-1328.00000,167.00000,,4125.00000,12934.00000,AMD
2007-06-30,1594.00000,665.00000,892.00000,393.00000,,3598.00000,4575.00000,326.00000,4245.00000,478.00000,9626.00000,13224.00000,2476.00000,5318.00000,610.00000,6276.00000,8752.00000,6.00000,-932.00000,161.00000,,4472.00000,13224.00000,AMD
2007-03-31,1167.00000,680.00000,938.00000,331.00000,,3187.00000,4405.00000,345.00000,4322.00000,448.00000,9525.00000,12712.00000,2911.00000,3659.00000,591.00000,4596.00000,7507.00000,6.00000,-332.00000,159.00000,,5205.00000,12712.00000,AMD
2006-12-31,1541.00000,1140.00000,814.00000,443.00000,,3963.00000,3987.00000,371.00000,4424.00000,402.00000,9184.00000,13147.00000,2905.00000,3672.00000,517.00000,4457.00000,7362.00000,5.00000,308.00000,156.00000,,5785.00000,13147.00000,AMD
2006-09-30,2356.90300,709.21600,465.71600,305.04500,,3911.86100,3403.87900,671.24900,,386.83900,4467.38300,8379.24400,1892.21100,644.35700,482.20400,1474.53800,3366.74900,4.87100,881.63200,167.31300,,5012.49500,8379.24400,AMD
2006-06-30,2530.06200,592.26400,405.28500,287.59800,,3905.53200,3163.18100,686.98400,,299.53500,4156.36300,8061.89500,1754.48900,647.10900,450.28900,1454.81600,3209.30500,4.85600,747.16000,178.79000,,4852.59000,8061.89500,AMD
2006-03-31,2632.66300,858.82300,337.21600,283.17100,,4216.85300,2874.88700,700.32900,,252.06600,3835.19200,8052.04500,1948.52400,615.87400,428.07400,1393.60000,3342.12400,4.83200,658.26200,177.20700,,4709.92100,8052.04500,AMD
2005-12-31,1795.00000,948.00000,389.00000,334.00000,,3559.00000,2701.00000,721.00000,,304.00000,3729.00000,7288.00000,1822.00000,1327.00000,459.00000,2114.00000,3936.00000,4.00000,474.00000,164.00000,,3352.00000,7288.00000,AMD
2005-09-30,1342.16700,870.36300,931.76300,263.87800,,3462.40300,4321.38400,,,376.16900,4697.55300,8159.95600,2212.35500,1708.87200,436.80200,2973.35600,5185.71100,4.02000,378.06700,153.65400,,2974.24500,8159.95600,AMD
2005-06-30,1220.06400,735.68700,911.16300,309.49100,,3248.06100,4145.48300,,,379.01800,4524.50100,7772.56200,1997.68400,1591.58400,462.31400,2928.26900,4925.95300,3.96300,302.20800,170.09900,,2846.60900,7772.56200,AMD
2005-03-31,1084.80900,698.30800,846.15200,421.70600,,3127.47400,4316.54800,,,377.75200,4694.30000,7821.77400,1903.47400,1622.04600,488.03500,2983.60300,4887.07700,3.94700,290.91700,287.70100,,2934.69700,7821.77400,AMD
2021-01-31,11561.00000,2429.00000,1826.00000,239.00000,,16055.00000,2149.00000,,6930.00000,2144.00000,12736.00000,28791.00000,3925.00000,5964.00000,1375.00000,7973.00000,11898.00000,1.00000,18908.00000,19.00000,,16893.00000,28791.00000,NVDA
2020-10-31,10139.00000,2546.00000,1495.00000,213.00000,,14393.00000,2059.00000,,7054.00000,2028.00000,12488.00000,26881.00000,3669.00000,5963.00000,1311.00000,7878.00000,11547.00000,1.00000,17550.00000,12.00000,,15334.00000,26881.00000,NVDA
2020-07-31,10981.00000,2084.00000,1401.00000,215.00000,,14681.00000,1964.00000,,7047.00000,157.00000,10499.00000,25180.00000,2410.00000,6960.00000,1285.00000,8856.00000,11266.00000,1.00000,16313.00000,4.00000,,13914.00000,25180.00000,NVDA
2020-04-30,16354.00000,1907.00000,1128.00000,195.00000,,19584.00000,1715.00000,,708.00000,119.00000,3670.00000,23254.00000,1903.00000,6959.00000,774.00000,8252.00000,10155.00000,1.00000,15790.00000,-10.00000,,13099.00000,23254.00000,NVDA
2020-01-31,10897.00000,1657.00000,979.00000,157.00000,,13690.00000,1674.00000,,667.00000,118.00000,3625.00000,17315.00000,1784.00000,1991.00000,775.00000,3327.00000,5111.00000,1.00000,14971.00000,1.00000,,12204.00000,17315.00000,NVDA
2019-10-31,9769.00000,1455.00000,1047.00000,149.00000,,12420.00000,1517.00000,,661.00000,116.00000,3390.00000,15810.00000,1475.00000,1990.00000,662.00000,3121.00000,4596.00000,1.00000,14118.00000,-3.00000,,11214.00000,15810.00000,NVDA
2019-07-31,8475.00000,1561.00000,1204.00000,151.00000,,11391.00000,1484.00000,,667.00000,110.00000,3384.00000,14775.00000,1317.00000,1989.00000,650.00000,3122.00000,4439.00000,1.00000,13317.00000,-1.00000,,10336.00000,14775.00000,NVDA
2019-04-30,7802.00000,1242.00000,1426.00000,159.00000,,10629.00000,1473.00000,,672.00000,110.00000,3392.00000,14021.00000,1183.00000,1988.00000,660.00000,3134.00000,4317.00000,1.00000,12862.00000,-2.00000,,9704.00000,14021.00000,NVDA
2019-01-31,7422.00000,1424.00000,1575.00000,136.00000,,10557.00000,1404.00000,,663.00000,108.00000,2735.00000,13292.00000,1329.00000,1988.00000,633.00000,2621.00000,3950.00000,1.00000,12565.00000,-12.00000,,9342.00000,13292.00000,NVDA
2018-10-31,7591.00000,2219.00000,1417.00000,159.00000,,11386.00000,1292.00000,,667.00000,312.00000,2271.00000,13657.00000,1608.00000,1987.00000,587.00000,2574.00000,4182.00000,1.00000,12096.00000,-24.00000,,9475.00000,13657.00000,NVDA
2018-07-31,7943.00000,1662.00000,1090.00000,136.00000,,10831.00000,1162.00000,,669.00000,220.00000,2051.00000,12882.00000,1462.00000,1987.00000,638.00000,2625.00000,4087.00000,1.00000,10957.00000,-23.00000,,8795.00000,12882.00000,NVDA
2018-04-30,7300.00000,1220.00000,797.00000,131.00000,,9448.00000,1066.00000,,673.00000,273.00000,2012.00000,11460.00000,1106.00000,1986.00000,651.00000,2637.00000,3743.00000,1.00000,9948.00000,-23.00000,,7717.00000,11460.00000,NVDA
2018-01-31,7108.00000,1265.00000,796.00000,86.00000,,9255.00000,997.00000,,670.00000,319.00000,1986.00000,11241.00000,1153.00000,1985.00000,632.00000,2617.00000,3770.00000,1.00000,8787.00000,-18.00000,,7471.00000,11241.00000,NVDA
2017-10-31,6320.00000,1167.00000,857.00000,135.00000,,8479.00000,600.00000,,681.00000,70.00000,1351.00000,9830.00000,1027.00000,1987.00000,464.00000,2451.00000,3478.00000,1.00000,7760.00000,-14.00000,,6352.00000,9830.00000,NVDA
2017-07-31,5877.00000,1213.00000,855.00000,125.00000,,8070.00000,578.00000,,694.00000,60.00000,1332.00000,9402.00000,1032.00000,1989.00000,408.00000,2397.00000,3429.00000,1.00000,7006.00000,-12.00000,,5973.00000,9402.00000,NVDA
2017-04-30,6206.00000,976.00000,821.00000,113.00000,,8116.00000,539.00000,,708.00000,47.00000,1294.00000,9410.00000,983.00000,1995.00000,300.00000,2295.00000,3278.00000,1.00000,6506.00000,-14.00000,,6132.00000,9410.00000,NVDA
2017-01-31,6798.00000,826.00000,794.00000,118.00000,,8536.00000,521.00000,,722.00000,62.00000,1305.00000,9841.00000,1788.00000,2014.00000,277.00000,2291.00000,4079.00000,1.00000,6108.00000,-16.00000,,5762.00000,9841.00000,NVDA
2016-10-31,6671.00000,833.00000,679.00000,124.00000,,8307.00000,503.00000,,738.00000,64.00000,1305.00000,9612.00000,2041.00000,2034.00000,213.00000,2247.00000,4288.00000,1.00000,5529.00000,-4.00000,,5324.00000,9612.00000,NVDA
2016-07-31,4879.00000,644.00000,521.00000,112.00000,,6156.00000,485.00000,,756.00000,64.00000,1305.00000,7461.00000,2407.00000,80.00000,494.00000,574.00000,2981.00000,1.00000,4675.00000,4.00000,,4480.00000,7461.00000,NVDA
2016-04-30,4754.00000,523.00000,394.00000,119.00000,,5790.00000,479.00000,,773.00000,66.00000,1318.00000,7108.00000,2377.00000,88.00000,447.00000,535.00000,2912.00000,1.00000,4484.00000,1.00000,,4196.00000,7108.00000,NVDA
2016-01-31,5037.00000,505.00000,418.00000,93.00000,,6053.00000,466.00000,,784.00000,67.00000,1317.00000,7370.00000,2351.00000,97.00000,453.00000,550.00000,2901.00000,1.00000,4350.00000,-4.00000,,4469.00000,7370.00000,NVDA
2015-10-31,4728.00000,536.00000,425.00000,93.00000,,5834.00000,477.00000,,790.00000,73.00000,1340.00000,7174.00000,855.00000,1417.00000,437.00000,1854.00000,2709.00000,1.00000,4204.00000,2.00000,,4465.00000,7174.00000,NVDA
2015-07-31,4505.00000,514.00000,441.00000,89.00000,,5608.00000,497.00000,,808.00000,66.00000,1371.00000,6979.00000,936.00000,1411.00000,447.00000,1858.00000,2794.00000,1.00000,4010.00000,1.00000,,4185.00000,6979.00000,NVDA
2015-04-30,4792.00000,455.00000,438.00000,89.00000,,5832.00000,547.00000,,823.00000,89.00000,1459.00000,7291.00000,883.00000,1404.00000,448.00000,1852.00000,2735.00000,1.00000,4037.00000,8.00000,,4556.00000,7291.00000,NVDA
2015-01-31,4623.00000,474.00000,483.00000,70.00000,,5713.00000,557.00000,,840.00000,91.00000,1488.00000,7201.00000,896.00000,1398.00000,489.00000,1887.00000,2783.00000,1.00000,3949.00000,8.00000,,4418.00000,7201.00000,NVDA
2014-10-31,4240.79700,563.40000,408.08100,67.33300,,5341.10900,566.60100,,884.48000,93.67900,1544.76000,6885.86900,933.90700,1392.23600,355.13300,1747.36900,2681.27600,0.75200,3801.96600,9.76100,,4204.59300,6885.86900,NVDA
2014-07-31,4386.05400,469.62500,387.43400,67.77600,,5377.58600,556.91100,,903.79200,95.43000,1556.13300,6933.71900,868.72900,1386.09100,374.11300,1760.20400,2628.93300,0.74400,3675.07100,4.37800,,4304.78600,6933.71900,NVDA
2014-04-30,4347.81700,396.43800,393.28000,71.06700,,5273.79800,570.80200,,920.70900,99.35400,1590.86500,6864.66300,897.94500,1379.95900,419.77400,1799.73300,2697.67800,0.74300,3594.52700,6.36400,,4166.98500,6864.66300,NVDA
2014-01-31,4671.81000,426.35700,387.76500,70.28500,,5624.71100,582.74000,,939.19100,104.25200,1626.18300,7250.89400,945.49600,1373.87500,475.12500,1849.00000,2794.49600,0.73200,3504.74200,4.87700,,4456.39800,7250.89400,NVDA
2013-10-31,3032.95400,447.63100,380.31900,81.70100,,4049.84100,595.41800,,963.76800,102.34600,1661.53200,5711.37300,985.92700,17.01500,387.78400,404.79900,1390.72600,0.73200,3406.15400,5.86200,,4320.64700,5711.37300,NVDA
2013-07-31,2935.89300,418.12300,378.28000,81.87600,,3922.60800,578.94800,,963.55000,104.48600,1646.98400,5569.59200,935.79100,17.68500,443.94300,461.62800,1397.41900,0.72600,3330.81500,5.89700,,4172.17300,5569.59200,NVDA
2013-04-30,3713.35100,346.99800,377.59700,62.33400,,4606.61600,588.02300,,977.76310,107.12500,1672.91100,6279.52700,925.57700,18.33300,510.68100,529.01400,1454.59100,0.72500,3277.71300,10.29300,,4824.93600,6279.52700,NVDA
2013-01-31,3727.88300,454.25200,412.46700,76.92000,,4775.25800,576.14400,,953.36210,107.48100,1636.98700,6412.24500,976.22300,18.99800,589.32100,608.31900,1584.54200,0.72000,3246.08800,9.98100,,4827.70300,6412.24500,NVDA
2012-10-31,3434.77200,444.94400,428.98300,66.19700,,4424.82700,566.54000,,972.27800,111.49900,1650.31700,6075.14400,991.35900,19.62700,341.31200,360.93900,1352.29800,0.71900,3118.98100,10.86000,,4722.84600,6075.14400,NVDA
2012-07-31,3278.10000,445.31200,387.18500,53.32300,,4213.85100,574.05600,,987.96800,116.00600,1678.03000,5891.88100,1021.96000,20.23700,396.01900,416.25600,1438.21600,0.71300,2909.90100,11.15900,,4453.66500,5891.88100,NVDA
2012-04-30,3130.81200,411.15500,342.70700,97.51100,,4032.11600,553.54100,,1004.42500,118.08500,1676.05100,5708.16700,947.40400,20.83000,452.50500,473.33500,1420.73900,0.70700,2790.85500,10.44700,,4287.42800,5708.16700,NVDA
2012-01-31,3129.57600,336.14300,340.29700,49.41100,,3905.35800,560.07200,,967.16600,120.33200,1647.57000,5552.92800,929.95800,21.43900,455.80700,477.24600,1407.20400,0.70000,2730.41800,10.61400,,4145.72400,5552.92800,NVDA
2011-10-31,2748.35400,371.26100,319.60200,34.57300,,3500.07100,551.75700,,990.89200,46.32300,1588.97200,5089.04300,886.68400,21.94900,206.96000,228.90900,1115.59300,0.69800,2614.39300,8.99700,,3973.45000,5089.04300,NVDA
2011-07-31,2474.49600,419.94400,361.91100,34.92500,,3317.55700,550.89600,,951.64900,44.32200,1546.86700,4864.42400,960.29900,22.49300,192.16300,214.65600,1174.95500,0.69100,2436.12000,14.43400,,3689.46900,4864.42400,NVDA
2011-04-30,2726.54100,343.20200,380.96400,36.60000,,3496.76300,553.36600,,648.60500,38.01000,1239.98100,4736.74400,981.16600,22.95700,284.81300,307.77000,1288.93600,0.68800,2284.54700,11.12100,,3447.80800,4736.74400,NVDA
2011-01-31,2490.56300,348.77000,345.52500,32.63600,,3226.95000,568.85700,,658.58900,40.85000,1268.29600,4495.24600,942.68200,23.38900,347.71300,371.10200,1313.78400,0.67700,2149.32800,10.27200,,3181.46200,4495.24600,NVDA
2010-10-31,1987.22000,399.50200,377.81200,34.41600,,2807.70200,585.67200,,482.48600,39.71900,1107.87700,3915.57900,816.48900,23.35900,177.85100,201.21000,1017.69900,0.67100,1977.67700,12.66700,,2897.88000,3915.57900,NVDA
2010-07-31,1772.50000,395.93400,434.22700,44.54900,,2655.96200,542.21600,,488.72300,44.36700,1075.30600,3731.26800,819.13900,23.73400,127.88100,151.61500,970.75400,0.66500,1892.81500,11.23400,,2760.51400,3731.26800,NVDA
2010-04-30,1764.89600,529.66300,388.13900,35.53000,,2726.98000,548.91600,,485.26700,41.86700,1076.05000,3803.03000,765.29300,24.09800,152.99400,177.09200,942.38500,0.66300,2033.77600,10.87200,,2860.64500,3803.03000,NVDA
2010-01-31,1728.22700,374.96300,330.67400,38.21400,,2480.83000,571.85800,,490.30200,42.92800,1105.08800,3585.91800,784.37800,24.45000,111.95000,136.40000,920.77800,0.65300,1896.18200,12.17200,,2665.14000,3585.91800,NVDA
2009-10-31,1634.07900,397.82000,277.64300,31.66900,,2357.71600,565.29600,,497.66100,42.90100,1105.85800,3463.57400,888.80600,24.76000,126.37300,151.13300,1039.93900,0.64600,1765.10600,9.64500,,2423.63500,3463.57400,NVDA
2009-07-31,1466.10500,351.96000,279.21600,50.54800,,2167.90500,582.91400,,505.52200,42.06800,1130.50400,3298.40900,891.32100,25.06000,134.61900,159.67900,1051.00000,0.63800,1657.52900,8.67000,,2247.40900,3298.40900,NVDA
2009-04-30,1338.14700,304.39300,327.25900,50.88500,,2020.68400,601.05300,,512.29000,44.67700,1158.02000,3178.70400,702.17200,25.35100,132.30500,157.65600,859.82800,0.63600,1762.83100,4.93100,,2318.87600,3178.70400,NVDA
2009-01-31,1255.39000,318.43500,537.83400,39.79400,,2167.95800,625.79800,,516.94500,40.02600,1182.76900,3350.72700,778.59100,25.63400,151.85000,177.48400,956.07500,0.62900,1964.16900,3.86500,,2394.65200,3350.72700,NVDA
2008-10-31,1304.88800,607.83400,523.98800,43.38900,,2480.09900,609.67400,,521.93200,37.19300,1168.79900,3648.89800,1004.46500,,157.35800,157.35800,1161.82300,0.62900,2111.83400,-3.97000,,2487.07500,3648.89800,NVDA
2008-07-31,1657.23000,679.41600,432.27900,45.29400,,2814.21900,599.47800,,510.94800,35.40400,1145.83000,3960.04900,1135.01600,,162.11800,162.11800,1297.13400,0.62500,2050.08600,-0.96600,,2662.91500,3960.04900,NVDA
2008-04-30,1621.63900,651.80000,420.12600,55.42800,,2748.99300,522.05600,,496.02000,40.38900,1058.46500,3807.45800,876.55200,,193.72800,193.72800,1070.28000,0.62300,2171.01500,1.54900,,2737.17800,3807.45800,NVDA
2008-01-31,1809.47800,666.49400,358.52100,43.06800,,2888.82900,359.80800,,460.98300,38.05100,858.84200,3747.67100,967.16100,,162.59800,162.59800,1129.75900,0.61900,1994.21000,8.03400,,2617.91200,3747.67100,NVDA
2007-10-31,1852.95300,552.40700,306.14300,44.55100,,2756.05400,322.94600,,371.10700,25.15600,719.20900,3475.26300,856.44200,,,140.89500,997.33700,0.61500,1737.21700,3.35000,,2477.92600,3475.26300,NVDA
2007-07-31,1571.56300,508.43500,276.30500,41.10200,,2397.40500,264.83200,,348.11800,25.91200,638.86190,3036.26700,680.79800,,,95.19100,775.98900,0.40200,1501.55600,1.58600,,2260.27800,3036.26700,NVDA
2007-04-30,1307.02400,471.51900,332.63500,43.05500,,2154.23300,271.19000,,341.99100,33.45400,646.63500,2800.86800,623.86700,,81.10700,81.10700,704.97400,0.39300,1328.82400,1.28400,,2095.89400,2800.86800,NVDA
2007-01-31,1117.85000,518.68000,354.68000,31.14100,,2031.77000,260.82800,,346.93600,28.34900,643.49300,2675.26300,638.80700,,29.53700,29.53700,668.34400,0.58300,1196.56500,1.43600,,2006.91900,2675.26300,NVDA
2006-10-31,1173.59500,439.25200,373.55800,36.80100,,2025.88800,220.54000,,230.21700,42.10400,505.26500,2531.15300,657.76900,,27.66700,27.66700,685.43600,0.38000,1033.05900,-1.32500,,1845.71700,2531.15300,NVDA
2006-07-31,851.16700,459.63600,378.66100,34.14300,,1726.28900,177.14400,,233.08500,37.52700,457.54000,2183.82900,505.04400,,24.23700,24.23700,529.28100,0.37300,926.54800,-2.37400,,1654.54800,2183.82900,NVDA
2006-04-30,955.05300,391.27000,346.36600,28.54500,,1722.62700,180.20600,,227.59200,31.02800,438.82600,2161.45300,534.38600,,10.15600,18.41600,552.80200,0.37100,965.77600,-2.45100,,1608.65100,2161.45300,NVDA
2006-01-31,950.17400,318.18600,254.87000,24.38700,,1550.29900,178.15200,,160.73800,27.47700,404.38800,1954.68700,438.65900,,20.03600,20.03600,458.69500,0.36000,747.73100,-1.95700,,1495.99200,1954.68700,NVDA
2005-10-31,786.17800,351.73700,284.84700,23.94900,,1449.97600,178.50500,,152.31400,24.71300,355.53200,1805.50800,427.16700,,8.14600,28.90000,456.06700,0.17800,777.04800,-4.36500,,1349.44100,1805.50800,NVDA
2005-07-31,717.54600,355.39300,300.95500,24.75600,,1401.91500,178.95100,,131.37500,15.97700,326.30300,1728.21800,425.49800,,6.73300,27.48700,452.98500,0.17400,711.79500,-4.21800,,1275.23300,1728.21800,NVDA
2005-04-30,731.51200,255.25200,307.75900,21.86900,,1319.65700,169.23600,,135.52300,10.67800,315.43700,1635.09400,375.52000,,8.23300,28.98700,404.50700,0.17300,636.95800,-3.90800,,1230.58700,1635.09400,NVDA
2005-01-31,670.04500,296.27900,315.51800,19.81900,,1304.92600,178.95500,,135.62100,9.03400,323.61000,1628.53600,421.15600,,8.35800,29.11200,450.26800,0.16900,572.51400,-3.46300,,1178.26800,1628.53600,NVDA
2021-03-31,22397.00000,7208.00000,8487.00000,,7681.00000,45773.00000,57330.00000,6813.00000,35379.00000,5327.00000,104849.00000,150622.00000,24151.00000,33237.00000,5412.00000,46664.00000,70815.00000,26272.00000,54638.00000,-1103.00000,,79807.00000,150622.00000,INTC
2020-12-31,23895.00000,6782.00000,8427.00000,,8145.00000,47249.00000,56584.00000,7344.00000,35997.00000,5917.00000,105842.00000,153091.00000,24754.00000,33897.00000,4981.00000,47299.00000,72053.00000,25556.00000,56233.00000,-751.00000,,81038.00000,153091.00000,INTC
2020-09-30,18253.00000,7140.00000,9273.00000,,2119.00000,36785.00000,59205.00000,6399.00000,36836.00000,6036.00000,108476.00000,145261.00000,22112.00000,36059.00000,4730.00000,48595.00000,70707.00000,23335.00000,52159.00000,-940.00000,,74554.00000,145261.00000,INTC
2020-06-30,25815.00000,7441.00000,8969.00000,,2165.00000,44390.00000,58036.00000,6785.00000,37246.00000,6082.00000,108149.00000,152539.00000,22481.00000,36093.00000,4437.00000,48048.00000,70529.00000,25516.00000,57646.00000,-1152.00000,,82010.00000,152539.00000,INTC
2020-03-31,20803.00000,8455.00000,9246.00000,,2997.00000,41501.00000,56770.00000,6823.00000,36705.00000,5911.00000,106209.00000,147710.00000,23895.00000,36455.00000,4328.00000,47461.00000,71356.00000,25251.00000,52644.00000,-1541.00000,,76354.00000,147710.00000,INTC
2019-12-31,13123.00000,7659.00000,8744.00000,,1713.00000,31239.00000,55386.00000,7243.00000,37103.00000,5553.00000,105285.00000,136524.00000,22310.00000,25308.00000,4439.00000,36710.00000,59020.00000,25261.00000,53523.00000,-1280.00000,,77504.00000,136524.00000,INTC
2019-09-30,12025.00000,6880.00000,8638.00000,,2414.00000,29957.00000,53563.00000,8247.00000,35746.00000,6255.00000,103811.00000,133768.00000,25064.00000,23707.00000,4085.00000,34462.00000,59526.00000,25290.00000,49674.00000,-722.00000,,74242.00000,133768.00000,INTC
2019-06-30,11944.00000,6233.00000,8696.00000,,2366.00000,29239.00000,51377.00000,8206.00000,35832.00000,6105.00000,101520.00000,130759.00000,19705.00000,25089.00000,4388.00000,36107.00000,55812.00000,25140.00000,50429.00000,-622.00000,,74947.00000,130759.00000,INTC
2019-03-31,12033.00000,6957.00000,7765.00000,,2305.00000,29060.00000,50040.00000,8719.00000,35978.00000,5661.00000,100398.00000,129458.00000,18911.00000,25737.00000,4847.00000,36886.00000,55797.00000,25346.00000,49128.00000,-813.00000,,73661.00000,129458.00000,INTC
2018-12-31,11650.00000,6722.00000,7253.00000,,3162.00000,28787.00000,48976.00000,9430.00000,36349.00000,4421.00000,99176.00000,127963.00000,16626.00000,25098.00000,5114.00000,36774.00000,53400.00000,25365.00000,50172.00000,-974.00000,,74563.00000,127963.00000,INTC
2018-09-30,13186.00000,5457.00000,7401.00000,,3546.00000,29590.00000,47071.00000,11113.00000,36513.00000,3955.00000,98652.00000,128242.00000,19574.00000,24823.00000,5998.00000,37185.00000,56759.00000,25492.00000,47094.00000,-1103.00000,,71483.00000,128242.00000,INTC
2018-06-30,12225.00000,4636.00000,7344.00000,,3398.00000,27603.00000,45914.00000,12316.00000,36449.00000,3690.00000,98369.00000,125972.00000,17571.00000,24632.00000,6438.00000,38354.00000,55925.00000,25470.00000,45666.00000,-1089.00000,,70047.00000,125972.00000,INTC
2018-03-31,16197.00000,4879.00000,7146.00000,,3408.00000,31630.00000,43735.00000,12916.00000,36701.00000,3614.00000,96966.00000,128596.00000,19961.00000,24770.00000,6362.00000,38470.00000,58431.00000,26430.00000,44418.00000,-683.00000,,70165.00000,128596.00000,INTC
2017-12-31,14002.00000,5607.00000,6983.00000,,2908.00000,29500.00000,41109.00000,12291.00000,37134.00000,3215.00000,93749.00000,123249.00000,17421.00000,25037.00000,4657.00000,36809.00000,54230.00000,26074.00000,42083.00000,862.00000,,69019.00000,123249.00000,INTC
2017-09-30,17504.00000,5954.00000,6929.00000,,2767.00000,33154.00000,39472.00000,9903.00000,37447.00000,7112.00000,93934.00000,127088.00000,20689.00000,27498.00000,5022.00000,35463.00000,56152.00000,26547.00000,42779.00000,1610.00000,,70936.00000,127088.00000,INTC
2017-06-30,25929.00000,5397.00000,6324.00000,,2967.00000,40617.00000,38130.00000,10385.00000,22969.00000,10006.00000,81490.00000,122107.00000,18782.00000,27855.00000,4343.00000,34700.00000,53482.00000,25781.00000,41670.00000,1174.00000,,68625.00000,122107.00000,INTC
2017-03-31,17295.00000,4921.00000,5801.00000,,8041.00000,36058.00000,36911.00000,11980.00000,23256.00000,7443.00000,79590.00000,115648.00000,21305.00000,20678.00000,4536.00000,27499.00000,48804.00000,25890.00000,40091.00000,863.00000,,66844.00000,115648.00000,INTC
2016-12-31,17099.00000,4690.00000,5553.00000,,8166.00000,35508.00000,36171.00000,10896.00000,23593.00000,7159.00000,77819.00000,113327.00000,20302.00000,20649.00000,4420.00000,26799.00000,47101.00000,25373.00000,40747.00000,106.00000,,66226.00000,113327.00000,INTC
2016-09-30,17769.00000,4952.00000,5783.00000,,7712.00000,36216.00000,34707.00000,10211.00000,23392.00000,7691.00000,76001.00000,112217.00000,20093.00000,24043.00000,3755.00000,29009.00000,49102.00000,25070.00000,37645.00000,400.00000,,63115.00000,112217.00000,INTC
2016-06-30,17689.00000,4426.00000,5800.00000,,3273.00000,31188.00000,33804.00000,8961.00000,27813.00000,8065.00000,78643.00000,109831.00000,18711.00000,24053.00000,4407.00000,29753.00000,48464.00000,24317.00000,37130.00000,-80.00000,,61367.00000,109831.00000,INTC
2016-03-31,15091.00000,4216.00000,5751.00000,,2339.00000,27397.00000,32644.00000,9474.00000,28082.00000,7870.00000,78070.00000,105467.00000,17526.00000,21775.00000,3745.00000,26767.00000,44293.00000,24088.00000,36526.00000,560.00000,,61174.00000,105467.00000,INTC
2015-12-31,25313.00000,4787.00000,5167.00000,,3053.00000,38320.00000,31858.00000,7851.00000,15265.00000,8165.00000,63139.00000,101459.00000,15646.00000,20036.00000,3738.00000,24728.00000,40374.00000,23411.00000,37614.00000,60.00000,,61085.00000,101459.00000,INTC
2015-09-30,20843.00000,4101.00000,4965.00000,,4304.00000,36205.00000,31597.00000,7447.00000,15048.00000,8255.00000,62347.00000,98552.00000,15080.00000,20059.00000,3814.00000,26375.00000,41455.00000,23001.00000,34431.00000,-335.00000,,57097.00000,98552.00000,INTC
2015-06-30,13870.00000,3860.00000,4818.00000,,2267.00000,26710.00000,32683.00000,8935.00000,15263.00000,6901.00000,63782.00000,90492.00000,13529.00000,12116.00000,3901.00000,19268.00000,32797.00000,22625.00000,34425.00000,645.00000,,57695.00000,90492.00000,INTC
2015-03-31,14118.00000,3246.00000,4418.00000,,2636.00000,26466.00000,33296.00000,8224.00000,14977.00000,6603.00000,63100.00000,89566.00000,15035.00000,12112.00000,4033.00000,19607.00000,34642.00000,22395.00000,32461.00000,68.00000,,54924.00000,89566.00000,INTC
2014-12-31,14054.00000,4427.00000,4273.00000,,3018.00000,27730.00000,33238.00000,9120.00000,15307.00000,6505.00000,64170.00000,91900.00000,16011.00000,12059.00000,4190.00000,20024.00000,36035.00000,21781.00000,33418.00000,666.00000,,55865.00000,91900.00000,INTC
2014-09-30,15594.00000,3647.00000,4115.00000,,2479.00000,27509.00000,33135.00000,8667.00000,14935.00000,6370.00000,63107.00000,90616.00000,14904.00000,12103.00000,3985.00000,19639.00000,34543.00000,21894.00000,33233.00000,946.00000,0.00000,56073.00000,90616.00000,INTC
2014-06-30,17311.00000,3489.00000,3943.00000,,2008.00000,29006.00000,33115.00000,8228.00000,15318.00000,6126.00000,62787.00000,91793.00000,12251.00000,13180.00000,2928.00000,20295.00000,32546.00000,22475.00000,35652.00000,1120.00000,,59247.00000,91793.00000,INTC
2014-03-31,19046.00000,3505.00000,3763.00000,,1733.00000,30554.00000,32502.00000,7850.00000,15580.00000,5446.00000,61378.00000,91932.00000,13552.00000,13172.00000,2868.00000,20342.00000,33894.00000,22166.00000,34716.00000,1156.00000,,58038.00000,91932.00000,INTC
2013-12-31,20087.00000,3582.00000,4172.00000,,1649.00000,32084.00000,31428.00000,7694.00000,15663.00000,5489.00000,60274.00000,92358.00000,13568.00000,13165.00000,2972.00000,20534.00000,34102.00000,21536.00000,35477.00000,1243.00000,,58256.00000,92358.00000,INTC
2013-09-30,19146.00000,3719.00000,4533.00000,,1517.00000,31350.00000,30346.00000,8097.00000,15901.00000,4857.00000,59201.00000,90551.00000,13875.00000,13157.00000,3683.00000,21224.00000,35099.00000,21113.00000,33291.00000,1048.00000,,55452.00000,90551.00000,INTC
2013-06-30,17350.00000,3474.00000,4542.00000,,1561.00000,29048.00000,29345.00000,7003.00000,15625.00000,4640.00000,56613.00000,85661.00000,11389.00000,13150.00000,3573.00000,20432.00000,31821.00000,20678.00000,33017.00000,145.00000,,53840.00000,85661.00000,INTC
2013-03-31,17073.00000,3536.00000,4358.00000,,1601.00000,28677.00000,28418.00000,6007.00000,15563.00000,4418.00000,54406.00000,83083.00000,11798.00000,13143.00000,3521.00000,20091.00000,31889.00000,20098.00000,31506.00000,-410.00000,,51194.00000,83083.00000,INTC
2012-12-31,18162.00000,3833.00000,4734.00000,,2512.00000,31358.00000,27983.00000,4917.00000,15945.00000,4148.00000,52993.00000,84351.00000,12898.00000,13136.00000,3702.00000,20250.00000,33148.00000,19464.00000,32138.00000,-399.00000,,51203.00000,84351.00000,INTC
2012-09-30,10465.00000,3938.00000,5319.00000,,1659.00000,23014.00000,27157.00000,4393.00000,15844.00000,4033.00000,51427.00000,74441.00000,11953.00000,7100.00000,3215.00000,13219.00000,25172.00000,19278.00000,30492.00000,-501.00000,,49269.00000,74441.00000,INTC
2012-06-30,13648.00000,3544.00000,4904.00000,,2172.00000,25785.00000,25976.00000,1167.00000,15416.00000,4008.00000,46567.00000,72352.00000,10538.00000,7093.00000,3167.00000,13035.00000,23573.00000,18883.00000,30753.00000,-857.00000,,48779.00000,72352.00000,INTC
2012-03-31,13753.00000,4037.00000,4489.00000,,1348.00000,25421.00000,25027.00000,1317.00000,15452.00000,4600.00000,46396.00000,71817.00000,11941.00000,7088.00000,3235.00000,13116.00000,25057.00000,18381.00000,28983.00000,-604.00000,,46760.00000,71817.00000,INTC
2011-12-31,14837.00000,3650.00000,4096.00000,,1589.00000,25872.00000,23627.00000,1451.00000,15521.00000,4648.00000,45247.00000,71119.00000,12028.00000,7084.00000,3479.00000,13180.00000,25208.00000,17036.00000,29656.00000,-781.00000,,45911.00000,71119.00000,INTC
2011-09-30,15198.00000,3821.00000,3959.00000,,1709.00000,26698.00000,22157.00000,1374.00000,15583.00000,4739.00000,43853.00000,70551.00000,11909.00000,7076.00000,2495.00000,12525.00000,24434.00000,16247.00000,29902.00000,-32.00000,,46117.00000,70551.00000,INTC
2011-06-30,11547.00000,3359.00000,4030.00000,,2193.00000,23102.00000,20778.00000,1884.00000,15841.00000,4484.00000,42987.00000,66089.00000,10354.00000,2090.00000,2519.00000,7012.00000,17366.00000,16245.00000,32012.00000,466.00000,,48723.00000,66089.00000,INTC
2011-03-31,11978.00000,3542.00000,4099.00000,,1270.00000,22795.00000,19559.00000,2843.00000,15941.00000,4414.00000,42757.00000,65552.00000,11565.00000,2083.00000,2505.00000,6638.00000,18203.00000,16271.00000,30597.00000,481.00000,,47349.00000,65552.00000,INTC
2010-12-31,21885.00000,2867.00000,3757.00000,,1614.00000,31611.00000,17899.00000,4034.00000,5391.00000,4251.00000,31575.00000,63186.00000,9327.00000,2077.00000,1426.00000,4429.00000,13756.00000,16178.00000,32919.00000,333.00000,,49430.00000,63186.00000,INTC
2010-09-30,20750.00000,2911.00000,3423.00000,,1182.00000,29499.00000,17189.00000,4536.00000,4481.00000,4883.00000,31089.00000,60588.00000,8837.00000,2073.00000,1127.00000,4055.00000,12892.00000,16096.00000,31069.00000,531.00000,,47696.00000,60588.00000,INTC
2010-06-30,18303.00000,2430.00000,3345.00000,,1180.00000,26464.00000,16946.00000,4863.00000,4481.00000,4937.00000,31227.00000,57691.00000,7937.00000,2058.00000,1095.00000,3913.00000,11850.00000,15741.00000,29869.00000,231.00000,,45841.00000,57691.00000,INTC
2010-03-31,16342.00000,2192.00000,2986.00000,,781.00000,23724.00000,17028.00000,5252.00000,4452.00000,5317.00000,32049.00000,55773.00000,8912.00000,2052.00000,1028.00000,3961.00000,12873.00000,15466.00000,27020.00000,414.00000,,42900.00000,55773.00000,INTC
2009-12-31,13920.00000,2273.00000,2935.00000,,813.00000,21157.00000,17225.00000,4952.00000,4421.00000,5340.00000,31938.00000,53095.00000,7591.00000,2049.00000,1003.00000,3800.00000,11391.00000,14993.00000,26318.00000,393.00000,,41704.00000,53095.00000,INTC
2009-09-30,12930.00000,2025.00000,2490.00000,,542.00000,19247.00000,17354.00000,4377.00000,4421.00000,5597.00000,31749.00000,50996.00000,7749.00000,2201.00000,1627.00000,4214.00000,11963.00000,14763.00000,24037.00000,233.00000,,39033.00000,50996.00000,INTC
2009-06-30,11624.00000,1938.00000,2805.00000,,883.00000,18467.00000,17515.00000,3515.00000,3932.00000,5632.00000,30594.00000,49061.00000,7079.00000,1174.00000,1205.00000,2935.00000,10014.00000,13995.00000,25205.00000,-153.00000,,39047.00000,49061.00000,INTC
2009-03-31,10599.00000,2086.00000,3045.00000,,1075.00000,18142.00000,17815.00000,2925.00000,3932.00000,5640.00000,30312.00000,48454.00000,6341.00000,1170.00000,1217.00000,3049.00000,9390.00000,13845.00000,25609.00000,-390.00000,,39064.00000,48454.00000,INTC
2008-12-31,11843.00000,1712.00000,3744.00000,,1182.00000,19871.00000,17574.00000,3276.00000,3932.00000,5819.00000,30601.00000,50472.00000,7818.00000,1185.00000,1141.00000,3108.00000,10926.00000,13402.00000,26537.00000,-393.00000,,39546.00000,50472.00000,INTC
2008-09-30,12204.00000,2737.00000,3398.00000,,1654.00000,21423.00000,17026.00000,4221.00000,3924.00000,6125.00000,31296.00000,52719.00000,10068.00000,1889.00000,1033.00000,3740.00000,13808.00000,12744.00000,26303.00000,-136.00000,,38911.00000,52719.00000,INTC
2008-06-30,11961.00000,2399.00000,3265.00000,,944.00000,19778.00000,16723.00000,5295.00000,3915.00000,6681.00000,32614.00000,52392.00000,8032.00000,1892.00000,1176.00000,3999.00000,12031.00000,12452.00000,27780.00000,129.00000,,40361.00000,52392.00000,INTC
2008-03-31,13692.00000,2725.00000,3272.00000,,1232.00000,22064.00000,16667.00000,5003.00000,3916.00000,5737.00000,31323.00000,53387.00000,8668.00000,1990.00000,1088.00000,4059.00000,12727.00000,12118.00000,28470.00000,72.00000,,40660.00000,53387.00000,INTC
2007-12-31,15363.00000,2576.00000,3370.00000,,1390.00000,23885.00000,16918.00000,5385.00000,3916.00000,5547.00000,31766.00000,55651.00000,8571.00000,1980.00000,1142.00000,4318.00000,12889.00000,11653.00000,30848.00000,261.00000,,42762.00000,55651.00000,INTC
2007-09-30,13021.00000,2933.00000,3538.00000,,846.00000,21426.00000,16985.00000,5142.00000,3917.00000,5569.00000,31613.00000,53039.00000,7763.00000,1853.00000,1253.00000,4374.00000,12137.00000,10695.00000,29975.00000,232.00000,,40902.00000,53039.00000,INTC
2007-06-30,10661.00000,2531.00000,4127.00000,,1269.00000,19648.00000,17143.00000,4696.00000,3861.00000,4946.00000,30646.00000,50294.00000,6464.00000,1848.00000,1235.00000,4132.00000,10596.00000,9597.00000,30197.00000,-96.00000,,39698.00000,50294.00000,INTC
2007-03-31,9024.00000,2780.00000,4366.00000,,464.00000,17694.00000,17617.00000,4855.00000,3861.00000,4729.00000,31062.00000,48756.00000,6626.00000,1848.00000,1202.00000,4604.00000,11230.00000,8598.00000,29020.00000,-92.00000,,37526.00000,48756.00000,INTC
2006-12-31,10002.00000,2709.00000,4314.00000,,258.00000,18280.00000,17602.00000,4421.00000,3861.00000,4204.00000,30088.00000,48368.00000,8514.00000,1848.00000,989.00000,3102.00000,11616.00000,7825.00000,28984.00000,-57.00000,,36752.00000,48368.00000,INTC
2006-09-30,8219.00000,3358.00000,4477.00000,,412.00000,17604.00000,18038.00000,3473.00000,3861.00000,3879.00000,29251.00000,46855.00000,9057.00000,2060.00000,346.00000,2781.00000,11838.00000,7348.00000,27501.00000,168.00000,,35017.00000,46855.00000,INTC
2006-06-30,7643.00000,3178.00000,4332.00000,,381.00000,16755.00000,18098.00000,4117.00000,3871.00000,3247.00000,29333.00000,46088.00000,8422.00000,2054.00000,346.00000,2870.00000,11292.00000,6986.00000,27619.00000,191.00000,,34796.00000,46088.00000,INTC
2006-03-31,9119.00000,3912.00000,3567.00000,,397.00000,18027.00000,17618.00000,4515.00000,3873.00000,3161.00000,29167.00000,47194.00000,9843.00000,2040.00000,346.00000,2993.00000,12836.00000,6662.00000,27531.00000,165.00000,,34358.00000,47194.00000,INTC
2005-12-31,12772.00000,3914.00000,3126.00000,,233.00000,21194.00000,17111.00000,4672.00000,3873.00000,1464.00000,27120.00000,48314.00000,9234.00000,2106.00000,89.00000,2898.00000,12132.00000,6245.00000,29810.00000,127.00000,,36182.00000,48314.00000,INTC
2005-09-30,13933.00000,3748.00000,2815.00000,,261.00000,21724.00000,16825.00000,3567.00000,3814.00000,1430.00000,25636.00000,47360.00000,9499.00000,432.00000,,1185.00000,10684.00000,6223.00000,30309.00000,146.00000,-2.00000,36676.00000,47360.00000,INTC
2005-06-30,14824.00000,3448.00000,2739.00000,,279.00000,22190.00000,16624.00000,2609.00000,3805.00000,1285.00000,24323.00000,46513.00000,7780.00000,430.00000,,1119.00000,8899.00000,6260.00000,31301.00000,56.00000,-3.00000,37614.00000,46513.00000,INTC
2005-03-31,16116.00000,3226.00000,2808.00000,,353.00000,23478.00000,16321.00000,2726.00000,3716.00000,1325.00000,24088.00000,47566.00000,8573.00000,464.00000,,1282.00000,9855.00000,6220.00000,31411.00000,81.00000,-1.00000,37711.00000,47566.00000,INTC
