date,Net Income/Loss,Total Depreciation And Amortization - Cash Flow,Other Non-Cash Items,Total Non-Cash Items,Change In Accounts Receivable,Change In Inventories,Change In Accounts Payable,Change In Assets/Liabilities,Total Change In Assets/Liabilities,Cash Flow From Operating Activities,"Net Change In Property, Plant, And Equipment",Net Change In Intangible Assets,Net Acquisitions/Divestitures,Net Change In Short-term Investments,Net Change In Long-Term Investments,Net Change In Investments - Total,Investing Activities - Other,Cash Flow From Investing Activities,Net Long-Term Debt,Net Current Debt,Debt Issuance/Retirement Net - Total,Net Common Equity Issued/Repurchased,Net Total Equity Issued/Repurchased,Total Common And Preferred Stock Dividends Paid,Financial Activities - Other,Cash Flow From Financial Activities,Net Cash Flow,Stock-Based Compensation,Common Stock Dividends Paid,ticker
3/31/21,555,109,180,289,-109,-254,428,30,54,898,-66,,,-658,,-658,2,-722,,,,-8,-8,,,-8,168,85,0,AMD
12/31/20,1781,103,-1129,-1026,62,-107,-37,-59,-201,554,-74,0,0,-220,0,-220,0,-294,0,0,0,35,35,0,0,35,295,79,0,AMD
9/30/20,390,97,128,225,-345,32,-77,-168,-276,339,-74,0,0,-438,-37,-475,0,-549,-200,0,-200,-70,-70,0,1,-269,-479,76,0,AMD
6/30/20,157,86,68,154,-97,-268,374,24,-68,243,-91,0,0,18,37,55,0,-36,0,200,200,40,40,0,-2,238,445,60,0,AMD
3/31/20,162,82,77,159,171,-74,-395,-28,-386,-65,-55,,,-18,,-18,,-73,,,,2,2,,,2,-136,59,0,AMD
12/31/19,170,78,197,275,-468,58,-1,-144,-3,442,-42,0,0,16,0,16,0,-26,-142,0,-142,-413,-413,0,448,-107,309,57,0,AMD
9/30/19,120,76,107,183,-47,-25,14,-19,-69,234,-55,0,0,25,87,112,0,57,-97,0,-97,-3,-3,0,2,-98,193,54,0,AMD
6/30/19,35,70,48,118,-89,-60,0,5,-123,30,-58,0,0,0,51,51,0,-7,-70,0,-70,483,483,0,-451,-38,-15,45,0,AMD
3/31/19,16,64,54,118,-5,-110,-6,-18,-347,-213,-62,,,,-138,-138,27,-173,-164,,-164,1,1,,449,286,-100,41,0,AMD
12/31/18,38,52,106,158,6,-107,-5,-61,-76,120,-41,0,0,-78,10,-68,21,-88,-26,0,-26,20,20,0,6,0,32,36,0,AMD
9/30/18,102,50,45,95,-136,12,40,-102,-121,76,-33,0,0,0,25,25,19,11,0,0,0,9,9,0,-1,8,95,36,0,AMD
6/30/18,116,52,31,83,-424,-35,38,69,-254,-55,-43,0,0,0,-35,-35,10,-68,-1,0,-1,29,29,0,0,28,-95,33,0,AMD
3/31/18,81,54,34,88,-280,-21,-38,24,-276,-107,-46,,,,,,21,-25,-14,,-14,6,6,,,-8,-140,32,0,AMD
12/31/17,-19,48,21,69,418,-8,-18,-99,274,324,-44,0,0,0,0,0,61,17,-110,70,-40,5,5,0,1,-34,307,21,0,AMD
9/30/17,61,45,33,78,-105,-28,70,-20,-70,69,-34,0,0,0,84,84,1,51,42,-42,0,5,5,0,-3,2,122,29,0,AMD
6/30/17,-42,44,23,67,-22,-43,-15,-25,-107,-82,-12,0,0,0,137,137,-1,124,-42,42,0,2,2,0,-6,-4,38,24,0,AMD
3/31/17,-33,43,32,75,-394,76,6,-29,-341,-299,-23,,,,-221,-221,-2,-246,,,,8,8,,-5,3,-542,23,0,AMD
12/31/16,-52,55,23,78,266,46,-183,-29,153,179,-21,0,0,0,-4,-4,9,-16,66,-230,-164,7,7,0,1,-156,7,29,0,AMD
9/30/16,-406,33,328,361,30,-28,184,-10,74,29,-9,0,0,0,-5,-5,4,-10,-393,0,-393,678,678,0,-3,282,301,23,0,AMD
6/30/16,69,33,-118,-85,-150,-69,11,-141,-69,-85,-21,0,0,0,351,351,-1,329,-4,0,-4,2,2,0,-1,-3,241,18,0,AMD
3/31/16,-109,33,20,53,33,3,-12,17,14,-42,-26,,,,,,,-26,,,,,,,-1,-1,-69,16,0,AMD
12/31/15,-102,45,-104,-59,116,82,18,86,220,59,-32,0,0,0,0,0,0,-32,-100,100,0,4,4,0,-1,3,30,16,0,AMD
9/30/15,-197,42,41,83,35,24,30,-43,58,-56,-17,0,0,0,0,0,0,-17,0,0,0,0,0,0,-1,-1,-74,13,0,AMD
6/30/15,-181,45,47,92,83,-111,76,-54,32,-57,-17,0,0,0,228,228,0,211,-1,0,-1,1,1,0,-2,-2,152,17,0,AMD
3/31/15,-180,46,159,205,46,-6,-97,-16,-197,-172,-22,,,,7,7,,-15,57,,57,,,,2,59,-128,17,0,AMD
12/31/14,-364,48,149,197,151,213,-99,149,283,116,-22,0,0,0,65,65,0,43,3,0,3,0,0,0,3,6,165,16,0,AMD
9/30/14,17,49,13,62,-104,62,22,-67,-61,18,-29,0,0,0,148,148,0,119,-1,0,-1,2,2,0,-1,0,137,21,0,AMD
6/30/14,-36,53,78,131,-32,-90,82,-81,-123,-28,-23,0,0,0,-20,-20,0,-43,18,0,18,1,1,0,1,20,-51,21,0,AMD
3/31/14,-20,53,40,93,-8,14,-151,-8,-277,-204,-21,,,,-110,-110,,-131,20,,20,1,1,,-1,20,-315,23,0,AMD
12/31/13,89,54,31,85,42,38,-130,-18,-153,21,-21,0,0,0,317,317,0,296,4,0,4,0,0,0,5,9,326,24,0,AMD
9/30/13,48,57,11,68,-203,-211,81,-10,-95,21,42,0,0,0,144,144,0,186,-2,0,-2,1,1,0,3,2,209,23,0,AMD
6/30/13,-74,59,27,86,-25,-97,34,-74,-47,-35,-25,0,0,0,-49,-49,0,-74,-1,0,-1,1,1,0,2,2,-107,20,0,AMD
3/31/13,-146,66,78,144,-14,-52,-74,-1,-153,-155,158,,,,-111,-111,,47,-1,,-1,1,1,,,0,-108,24,0,AMD
12/31/12,-473,66,38,104,53,183,6,11,83,-286,-133,0,111,0,62,62,14,54,-1,0,-1,2,2,0,4,5,-227,23,0,AMD
9/30/12,-157,66,31,97,60,89,-213,-9,-180,-240,79,0,-111,0,40,40,-18,-10,5,0,5,0,0,0,6,11,-239,27,0,AMD
6/30/12,37,65,30,95,217,-249,100,23,-51,81,-39,0,0,0,-223,-223,-1,-263,-1,0,-1,3,3,0,2,4,-178,26,0,AMD
3/31/12,-590,63,266,329,-40,-106,384,-57,368,107,-40,,-281,,525,525,-4,200,-1,,-1,9,9,,9,17,324,21,0,AMD
12/31/11,-177,70,229,299,-10,65,26,75,65,187,-87,0,0,0,186,186,-2,97,-51,0,-51,1,1,0,10,-40,244,21,0,AMD
9/30/11,97,79,22,101,-150,102,34,2,-9,189,-42,0,0,0,76,76,0,34,-153,0,-153,2,2,0,-1,-152,71,22,0,AMD
6/30/11,61,80,25,105,2,6,-10,38,8,174,-67,0,0,0,-163,-163,0,-230,1,0,1,6,6,0,1,8,-48,20,0,AMD
3/31/11,510,88,-450,-362,-189,-16,-78,-1,-316,-168,-38,,,,41,41,-17,-14,164,,164,9,9,,5,178,-4,27,0,AMD
12/31/10,375,89,-27,62,-465,-10,-11,-107,-650,-213,-38,0,0,0,-61,-61,-4,-103,-1239,0,-1239,1526,1526,0,15,302,-14,22,0,AMD
9/30/10,-118,94,233,327,-285,-41,3,3,-333,-124,-30,0,0,0,-296,-296,5,-321,-18,0,-18,2,2,0,-3,-19,-464,22,0,AMD
6/30/10,-43,100,133,233,-254,-4,32,11,-288,-98,-31,0,0,0,530,530,17,516,9,0,9,4,4,0,11,24,442,23,0,AMD
3/31/10,257,100,-110,-10,-134,-89,31,7,-224,23,-48,,,,-264,-264,-903,-1215,174,,174,3,3,,,177,-1015,20,0,AMD
12/31/09,1177,252,85,337,-349,-52,0,9,-364,1150,-174,0,0,0,-383,-383,0,-557,-622,0,-622,0,-178,0,17,-783,-190,18,0,AMD
9/30/09,-135,257,29,286,-316,-22,0,26,-293,-142,-96,0,0,0,-122,-122,-2,-220,52,0,52,0,178,0,0,230,-132,17,0,AMD
6/30/09,-335,255,65,320,-108,46,0,-36,-129,-144,-112,0,0,0,-207,-207,2,-317,33,0,33,0,0,0,5,38,-423,19,0,AMD
3/31/09,-414,254,22,276,-187,117,,-34,-253,-391,-84,,,,-157,-157,62,-179,1046,,1046,125,1216,,-223,2039,1469,21,0,AMD
12/31/08,-1430,952,157,1109,177,195,0,-31,71,-250,-113,0,127,0,37,37,0,51,58,0,58,0,0,0,-34,24,-175,21,0,AMD
9/30/08,-127,394,3,397,-261,-56,0,33,-486,-216,-82,0,-95,0,15,15,20,-142,70,0,70,0,0,0,86,156,-202,21,0,AMD
6/30/08,-1188,1162,-126,1036,81,-23,0,70,-90,-242,184,0,0,0,75,75,3,262,17,0,17,0,0,0,-131,-114,-94,20,0,AMD
3/31/08,-351,295,-33,262,104,36,,-49,105,16,-270,,,,89,89,-17,-198,-3,,-3,,,,157,154,-28,21,0,AMD
12/31/07,-1752,1899,33,1932,24,27,0,88,-119,61,-235,0,0,0,-87,-87,-4,-326,146,0,146,442,442,0,13,601,336,26,0,AMD
9/30/07,-396,287,93,380,-16,55,0,6,239,223,-378,0,144,0,-22,-22,25,-231,-244,0,-244,16,16,0,28,-200,-208,27,0,AMD
6/30/07,-600,246,129,375,19,46,0,-62,-410,-635,-414,0,0,0,-113,-113,1,-526,1477,0,1477,46,46,0,-49,1474,313,31,0,AMD
3/31/07,-611,314,32,346,476,-124,,-118,306,41,-585,,13,,-16,-16,-4,-592,-21,,-21,,,,183,162,-389,28,0,AMD
12/31/06,-576,119,592,711,-268,82,194,112,137,272,-647,0,-3615,0,939,939,-22,-3345,3040,0,3040,18,18,0,11,3069,-4,27,0,AMD
9/30/06,136,201,-13,188,-116,-63,-7,-73,-94,230,-424,0,0,0,872,872,0,448,-1,0,-1,21,21,0,-2,18,696,17,0,AMD
6/30/06,89,192,2,194,262,-65,-200,-89,-70,213,-455,0,0,0,-208,-208,182,-481,-1,0,-1,32,32,0,96,127,-141,18,0,AMD
3/31/06,185,174,14,188,67,52,13,-29,199,572,-308,,,,-634,-634,17,-925,-211,,-211,655,655,,105,549,196,15,0,AMD
12/31/05,95.104,182.914,174.876,357.79,-127.251,27.935,-21.049,27.097,84.53,537.424,-326.099,0,0,0,-365.042,-365.042,-133.875,-825.016,-133.047,77,-56.047,68.13,68.13,0,90.535,102.618,-173.738,4.257,0,AMD
9/30/05,76,290.75,-48.15,242.6,-136.827,-20.6,8.725,42.472,110.486,429.086,-360.953,0,0,0,-27.209,-27.209,0,-388.162,-0.258,0,-0.258,67.805,67.805,0,-8.013,59.534,94.894,0.277,0,AMD
6/30/05,11.319,318.455,-77.869,240.586,-35.563,-63.973,4.641,44.756,13.258,265.163,-297.692,0,0,0,-86.018,-86.018,-3.5,-387.21,40.637,0,40.637,17.874,17.874,0,115.29,173.801,49.237,0.32,0,AMD
3/31/05,-17.423,332.881,-75.857,257.024,23.641,28.638,7.683,-80.325,11.726,251.327,-518.256,,,,-145.731,-145.731,-5.625,-669.612,-54.332,,-54.332,35.191,35.191,,177.188,158.047,-256.393,0.146,0,AMD
1/31/21,1457,288,233,521,117,-334,74,104,89,2067,-283,0,0,-2816,0,-2816,-30,-3129,-3,0,-3,0,0,-99,-240,-342,-1404,416,-99,NVDA
10/31/20,1336,299,333,632,-462,-93,226,-369,-689,1279,-473,0,-1353,-178,0,-178,3,-2001,0,0,0,0,0,-99,-202,-301,-1023,383,-99,NVDA
7/31/20,622,404,285,689,44,54,-8,42,256,1567,-217,0,-7137,-6129,0,-6129,-7,-13490,-8,0,-8,0,0,-99,-190,-297,-12220,374,-99,NVDA
4/30/20,917,107,244,351,-249,-151,71,-8,-359,909,-155,,-34,-866,,-866,,-1055,4979,,4979,,,-98,-137,4744,4598,224,-98,NVDA
1/31/20,951,106,243,349,-201,66,103,40,165,1465,-145,0,-4,2,0,2,-4,-151,0,0,0,0,0,-98,-85,-183,1131,220,-98,NVDA
10/31/19,898,92,249,341,105,153,136,29,401,1640,-103,0,0,1363,0,1363,-4,1256,0,0,0,0,0,-97,-139,-236,2660,223,-97,NVDA
7/31/19,553,92,241,333,-319,225,78,31,50,936,-113,0,0,3660,0,3660,-2,3545,0,0,0,0,0,-98,-50,-148,4333,223,-98,NVDA
4/30/19,394,91,134,225,182,153,-123,5,101,720,-128,,,1623,,1623,,1495,,,,,,-97,-128,-225,1990,178,-97,NVDA
1/31/19,566,78,-198,-120,794,-156,-359,15,452,898,-203,0,0,252,0,252,-9,40,0,-4,-4,-724,-724,-98,-51,-877,61,157,-98,NVDA
10/31/18,1230,68,42,110,-557,-325,52,-24,-853,487,-150,0,0,369,0,369,0,219,0,-10,-10,-200,-200,-91,-402,-703,3,138,-91,NVDA
7/31/18,1101,59,181,240,-442,-293,150,-6,-428,913,-129,0,0,-676,0,-676,0,-805,0,0,0,0,0,-91,-64,-155,-47,133,-91,NVDA
4/30/18,1244,57,172,229,56,-2,22,-38,-28,1445,-118,,,-3433,,-3433,,-3551,,-2,-2,-655,-655,-91,-383,-1131,-3237,129,-91,NVDA
1/31/18,1119,54,-386,-332,-98,61,63,47,571,1358,-414,0,0,390,0,390,0,-24,0,-9,-9,0,0,-91,-34,-134,1200,126,-91,NVDA
10/31/17,837,49,156,205,45,0,90,-11,115,1157,-69,0,0,355,0,355,0,286,0,-62,-62,-151,-151,-84,-332,-629,814,107,-84,NVDA
7/31/17,584,49,182,231,-237,-34,70,-13,-110,705,-54,0,0,316,0,316,0,262,605,-741,-136,-823,-823,-84,75,-968,-1,82,-84,NVDA
4/30/17,507,47,119,166,-150,-27,-133,-2,-391,282,-54,,,808,,808,,754,-605,,-605,65,65,-82,-191,-813,223,76,-82,NVDA
1/31/17,654,27,155,182,7,-114,-34,10,-115,721,-50,0,0,-323,0,-323,0,-373,444,-673,-229,-230,-230,-76,13,-522,-174,71,-76,NVDA
10/31/16,543,54,151,205,-190,-157,87,-11,-316,432,-38,0,0,-289,0,-289,0,-327,1544,0,1544,0,0,-61,-74,1409,1514,65,-61,NVDA
7/31/16,261,53,116,169,-121,-127,99,1,-230,200,-26,0,0,-247,0,-247,4,-269,0,0,0,-9,-9,-62,19,-52,-121,58,-62,NVDA
4/30/16,208,53,76,129,-17,23,32,-18,-18,319,-55,,,235,,235,-4,176,,,,-500,-500,-62,18,-544,-49,53,-62,NVDA
1/31/16,208,53,93,146,31,7,-18,9,157,511,-15,0,0,-199,0,-199,1,-213,3,0,3,-234,-234,-61,119,-173,125,59,-61,NVDA
10/31/15,246,56,101,157,-22,17,20,-12,-148,255,-12,0,0,-187,0,-187,0,-199,-1,0,-1,35,35,-53,-1,-20,36,52,-53,NVDA
7/31/15,26,56,121,177,-59,-3,54,4,-40,163,-22,0,0,245,0,245,24,247,-1,0,-1,-385,-385,-53,0,-439,-29,48,-53,NVDA
4/30/15,134,61,71,132,18,45,-67,-17,-20,246,-30,,,-204,,-204,-1,-235,-1,,-1,-3,-3,-46,6,-44,-33,45,-46,NVDA
1/31/15,194,61,64,125,89,-75,-37,-1,124,443,-31,0,0,-287,0,-287,0,-318,2,0,2,21,21,-46,0,-23,102,43,-46,NVDA
10/31/14,172,62,61,123,-92,-21,74,2,-79,216,-39,0,0,25,0,25,-1,-15,-1,0,-1,-279,-279,-46,5,-321,-120,41,-46,NVDA
7/31/14,128,63,61,124,-74,7,-49,4,-156,96,-23,0,0,-41,0,-41,0,-64,0,0,0,18,18,-47,3,-26,6,38,-47,NVDA
4/30/14,137,62,44,106,28,-6,-15,-1,-92,151,-8,,,-322,,-322,,-330,-1,,-1,-420,-420,-47,4,-464,-643,36,-47,NVDA
1/31/14,146.927,59.69,42.427,102.117,21.194,-7.178,18.376,186.426,151.522,400.566,-41.188,0,0.145,-1056.066,0,-1056.066,-2.55,-1099.659,1310.78,0,1310.78,26.251,26.251,-47.993,-0.243,1288.795,589.702,35.909,-47.993,NVDA
10/31/13,118.734,62.726,38.885,101.611,-29.465,-2.544,-1.924,-173.915,-58.03,162.315,-38.159,0,-17.145,-131.069,0,-131.069,-1,-187.373,-0.611,0,-0.611,33.446,33.446,-43.397,6.383,-4.179,-29.237,34.299,-43.397,NVDA
7/31/13,96.448,61.84,31.486,93.326,-71.205,-6.788,16.649,-9.684,-93.305,96.469,-84.986,0,0,796.804,0,796.804,0,711.818,-0.593,0,-0.593,-741.693,-741.693,-43.343,7.24,-778.389,29.898,32.395,-43.343,NVDA
4/30/13,77.891,59.744,25.202,84.946,108.476,41.51,-53.101,9.173,12.813,175.65,-65.667,,,-163.669,,-163.669,-1.45,-230.786,-0.576,,-0.576,-77.004,-77.004,-46.267,7.62,-116.227,-171.363,33.397,-46.267,NVDA
1/31/13,173.973,58.401,10.955,69.356,-9.932,9.429,-38.214,48.19,207.68,451.009,-47.758,0,0,-93.8951,0,-93.8951,0.217,-141.436,-2.049,0,-2.049,-97.846,-97.846,-46.866,44.586,-102.175,207.398,35.769,-46.866,NVDA
10/31/12,209.08,57.148,61.952,119.1,0.21,-41.544,-16.547,-8.584,-146.695,181.485,-44.684,0,0,-138.332,0,-138.332,0.217,-182.799,1.011,0,1.011,20.103,20.103,0,5.97,27.084,25.77,33.069,0,NVDA
7/31/12,119.046,56.195,59.982,116.177,-33.849,-44.643,32.13,46.564,-34.337,200.886,-61.944,0,0,-22.461,0,-22.461,-0.298,-84.703,-0.496,0,-0.496,5.317,5.317,0,9.479,14.3,130.483,32.255,0,NVDA
4/30/12,60.437,54.491,35.975,90.466,-75.369,-2.191,33.516,-49.982,-160.111,-9.208,-28.923,,,-306.347,,-306.347,0.216,-335.054,-0.515,,-0.515,37.361,37.361,,8.675,45.521,-298.741,35.569,,NVDA
1/31/12,116.025,51.895,45.566,97.461,35.07,-20.864,26.49,-82.54,197.032,410.518,-45.182,0,0,-283.6129,0,-283.6129,0.3,-328.495,9.899,0,9.899,19.367,19.367,0,-10.229,19.037,101.06,35.436,0,NVDA
10/31/11,178.273,52.387,2.701,55.088,48.677,41.917,17.584,-4.22,11.056,244.417,-39.035,0,0,-250.11,0,-250.11,0,-289.145,-0.457,0,-0.457,51.705,51.705,0,27.682,78.93,34.202,33.229,0,NVDA
7/31/11,151.573,52.159,44.74,96.899,-63.331,33.014,-62.106,2.001,-166.451,82.021,-23.323,0,-348.884,100.496,0,100.496,-1.507,-273.218,-10.698,0,-10.698,39.499,39.499,0,11.377,40.178,-151.019,35.95,0,NVDA
4/30/11,135.219,47.764,28.705,76.469,5.82,-35.183,53.74,-0.738,-39.488,172.2,-31.195,,,-220.928,,-220.928,-0.383,-252.506,-0.352,,-0.352,85.286,85.286,,13.644,98.578,18.272,31.739,,NVDA
1/31/11,171.651,46.393,3.768,50.161,50.908,32.618,-47.918,4.197,212.861,434.673,-21.343,0,0,-287.401,0,-287.401,-0.507,-309.251,0.304,0,0.304,73.145,73.145,0,15.316,88.765,214.187,25.368,0,NVDA
10/31/10,84.862,46.876,39.741,86.617,-3.374,56.032,45.618,14.911,40.698,212.177,-21.823,0,0,-142.03,0,-142.03,-0.131,-163.984,-0.301,0,-0.301,26.279,26.279,0,0,25.978,74.171,25.177,0,NVDA
7/31/10,-140.961,46.573,-1.095,45.478,133.818,-45.962,-84.308,-9.995,129.827,34.344,-37.644,0,0,-79.932,0,-79.932,-1.525,-119.101,-0.292,0,-0.292,14.79,14.79,0,0,14.498,-70.259,24.631,0,NVDA
4/30/10,137.594,47.147,41.549,88.696,-155.011,-56.816,16.822,3.746,-231.687,-5.397,-17.08,,,-40.262,,-40.262,,-57.342,-0.282,,-0.282,63.062,63.062,,,62.78,0.041,25.177,,NVDA
1/31/10,131.076,47.914,26.428,74.342,23.008,-53.073,22.778,-0.031,-136.173,69.245,-22.575,0,0,-261.199,0,-261.199,0,-283.774,-0.611,0,-0.611,45.837,45.837,0,2.034,47.26,-167.269,24.62,0,NVDA
10/31/09,107.577,48.77,27.257,76.027,-45.991,1.165,40.102,22.617,-42.287,141.317,-16.593,0,0,-77.904,0,-77.904,-1,-95.497,-0.215,0,-0.215,45.1,45.1,0,0,44.885,90.705,22.982,0,NVDA
7/31/09,-105.302,49.322,20.769,70.091,-47.929,45.331,49.236,-17.594,170.328,135.117,-17.656,0,0,-114.283,0,-114.283,0.782,-131.157,0.119,0,0.119,7.432,7.432,0,0,7.551,11.511,25.376,0,NVDA
4/30/09,-201.338,50.658,148.261,198.919,14.171,211.233,7.25,0.445,144.547,142.128,-20.777,,,11.872,,11.872,,-8.905,-0.222,,-0.222,-38.415,-38.415,,,-38.637,94.586,169.848,,NVDA
1/31/09,-147.665,48.055,14.982,63.037,289.597,-12.141,-168.915,10.245,64.783,-19.845,-42.975,0,0,13.533,0,13.533,-1.91,-31.352,0,0,0,6.817,6.817,0,0.815,7.632,-43.565,41.833,0,NVDA
10/31/08,61.748,49.304,49.294,98.598,71.649,-92.015,-26.562,0.53,-117.343,43.003,-109.008,0,0,81.356,0,81.356,-0.25,-27.902,0,0,0,-272.991,-272.991,0,0,-272.991,-257.89,39.45,0,NVDA
7/31/08,-120.929,46.306,-6.133,40.173,-28.199,-11.99,-19.122,11.734,161.713,80.957,-53.514,0,0,-124.35,0,-124.35,3.218,-174.646,0,0,0,9.524,9.524,0,0,9.524,-84.165,39.299,0,NVDA
4/30/08,176.805,41.358,69.568,110.926,15.826,-61.149,-68.608,-3.089,-142.486,145.245,-202.173,,-27.948,256.154,,256.154,-1.5,24.533,,,,-93.439,-93.439,,,-93.439,76.339,42.124,,NVDA
1/31/08,256.993,36.936,52.279,89.215,-113.112,-52.28,41.779,-19.073,-93.737,252.471,-70.339,0,-75.542,-278.4151,0,-278.4151,-1.622,-425.918,0,0,0,-156.506,-156.506,0,0.22,-156.286,-329.733,34.497,0,NVDA
10/31/07,235.661,33.03,31.527,64.557,-43.893,-29.899,124.411,-2.729,100.63,400.848,-70.426,0,0,-136.746,0,-136.746,0,-207.172,0,0,0,-51.719,-51.719,0,0,-51.719,141.957,32.003,0,NVDA
7/31/07,172.732,31.892,58.531,90.423,-36.897,55.649,-10.659,2.861,58.524,321.679,-20.644,0,0,-27.812,0,-27.812,0,-48.456,0,0,0,-37.429,-37.429,0,0,-37.429,235.794,29.46,0,NVDA
4/30/07,132.259,31.334,27.073,58.407,47.847,22.84,61.344,-1.266,104.532,295.198,-26.336,,,-53.436,,-53.436,,-79.772,,,,-80.889,-80.889,,,-80.889,134.537,37.405,,NVDA
1/31/07,163.506,34.292,62.693,96.985,-62.926,21.145,-43.96,26.192,-44.526,215.965,-61.262,0,-334.763,38.546,0,38.546,0,-357.479,0,0,0,-33.447,-33.447,0,-22.371,-55.818,-197.332,33.491,0,NVDA
10/31/06,106.511,25.031,20.685,45.716,19.924,5.775,50.065,-10.89,137.091,289.318,-28.786,0,-0.011,32.428,0,32.428,0,3.631,0,0,0,52.177,52.177,0,8.197,60.374,353.323,31.291,0,NVDA
7/31/06,86.753,24.208,48.843,73.051,-68.124,-30.357,-75.221,-6.544,-141.942,17.862,26.248,0,-46.359,5.08,0,5.08,0,-15.031,0,0,0,-109.203,-109.203,0,7.032,-102.171,-99.34,27.842,0,NVDA
4/30/06,92.064,24.031,16.934,40.965,-64.135,-87.958,107.729,-6.738,-83.493,49.536,-67.026,,-20.667,-69.821,,-69.821,,-157.514,,,,36.655,36.655,,7.33,43.985,-63.993,24.111,,NVDA
1/31/06,97.374,23.788,23.551,47.339,34.206,30.245,3.666,-2.69,80.67,225.383,-23.445,0,-12.131,24.873,0,24.873,0,-10.703,0.856,0,0.856,-27.723,-27.723,0,-0.365,-27.232,187.448,1.109,0,NVDA
10/31/05,64.447,24.522,2.202,26.724,-6.984,16.108,-45.318,1.929,-7.072,84.099,-13.466,0,0,42.671,0,42.671,0,29.205,-0.856,0,-0.856,9.325,9.325,0,0.365,8.834,122.138,1.658,0,NVDA
7/31/05,74.911,24.77,4.769,29.539,-98.067,6.804,38.901,-8.186,-57.103,47.347,-29.185,0,0,-26.493,0,-26.493,0,-55.678,0,0,0,-30.158,-30.158,0,-0.345,-30.503,-38.834,4.82,0,NVDA
4/30/05,64.444,24.897,-0.056,24.841,49.43,7.759,-56.077,-3.694,0.294,89.579,-13.504,,,8.893,,8.893,,-4.611,,,,-12.456,-12.456,,-0.02,-12.476,72.492,0.285,,NVDA
1/31/05,88.615,102.597,37.167,139.764,-110.312,-80.906,52.941,-7.027,-96.179,132.2,-67.261,0,0,-84.692,0,-84.692,0,-151.953,0,0,0,17.858,17.858,0,-4.015,13.843,-5.91,20.822,0,NVDA
3/31/21,3361,2902,2335,5237,-426,180,303,-2207,-3050,5548,-4388,,,796,639,1435,406,-2547,,,,-1736,-1736,-1411,-527,-3674,-673,425,-1411,INTC
12/31/20,5857,3003,-1221,1782,358,-117,57,-125,2251,9890,-4061,0,-714,-3483,1056,-2427,1518,-5684,0,-897,-897,897,897,-1353,-344,-1697,2509,461,-1353,INTC
9/30/20,4276,3123,439,3562,301,-299,147,471,341,8179,-3716,0,0,482,2122,2604,346,-766,-1750,897,-853,-10512,-10512,-1404,-24,-12793,-5380,452,-1404,INTC
6/30/20,5105,3063,104,3167,1020,277,91,361,2885,11157,-3408,0,0,-3762,-3181,-6943,-259,-10610,-1700,0,-1700,9,9,-1403,-97,-3191,-2644,492,-1403,INTC
3/31/20,5661,3050,745,3795,-796,-548,117,-1219,-3298,6158,-3268,,,-237,112,-125,-343,-3736,9172,,9172,-3726,-3726,-1408,726,4764,7186,449,-1408,INTC
12/31/19,6905,2968,-772,2196,-779,-105,-32,797,787,9888,-4666,0,-1047,-1682,1620,-62,1290,-4485,1593,-1632,-39,-2726,-2726,-1362,-1017,-5144,259,415,-1362,INTC
9/30/19,5990,2679,136,2815,-646,67,297,1091,1906,10711,-4672,0,0,388,863,1251,-489,-3910,-396,636,240,-4826,-4826,-1386,239,-5733,1068,431,-1386,INTC
6/30/19,4179,2554,644,3198,725,-931,235,28,210,7587,-3554,0,0,-1323,1436,113,153,-3288,294,-686,-392,-3034,-3034,-1414,254,-4586,-287,470,-1414,INTC
3/31/19,3974,2625,115,2740,-235,-512,196,-24,-1755,4959,-3321,,,633,205,838,-239,-2722,-726,1682,956,-2240,-2240,-1414,596,-2102,135,389,-1414,INTC
12/31/18,5195,2493,330,2823,-1265,148,-219,221,-1118,6900,-3890,0,358,-1013,2557,1544,168,-1820,-1098,-1707,-2805,-2256,-2256,-1368,961,-5468,-388,343,-1368,INTC
9/30/18,6398,2274,455,2729,-818,-59,156,270,-292,8835,-3851,0,0,2431,-1666,765,-349,-3435,-336,-284,-620,-2432,-2432,-1373,-182,-4607,793,383,-1373,INTC
6/30/18,5006,2122,629,2751,267,-207,201,400,-344,7413,-4530,0,0,1935,1053,2988,349,-1193,-842,-151,-993,-3862,-3862,-1400,-905,-7160,-940,387,-1400,INTC
3/31/18,4454,2196,-210,1986,102,-96,73,777,-156,6284,-2910,,,-745,-696,-1441,-440,-4791,-327,2142,1815,-1625,-1625,-1400,-162,-1372,121,433,-1400,INTC
12/31/17,-687,2140,-1474,666,347,-55,20,478,7262,7241,-4069,0,0,-1545,723,-822,-339,-5230,-6578,5,-6573,129,129,-1278,69,-7653,-5642,307,-1278,INTC
9/30/17,4516,2055,-942,1113,-510,-485,-254,728,635,6264,-2979,0,-12299,7486,552,8038,924,-6316,-364,7,-357,-862,-862,-1278,-63,-2560,-2612,326,-1278,INTC
6/30/17,2808,1988,365,2353,-513,-528,237,39,-454,4707,-2778,0,924,-2850,3175,325,91,-1438,6578,-447,6131,-1199,-1199,-1287,-161,3484,6753,328,-1287,INTC
3/31/17,2964,1946,439,2385,-105,-232,188,-452,-1451,3898,-1952,,,866,-1746,-880,54,-2778,,435,435,-913,-913,-1229,-39,-1746,-626,397,-1229,INTC
12/31/16,3562,1930,-1051,879,165,237,-6,727,3709,8150,-3530,0,-319,1473,-1243,230,175,-3444,-1500,-441,-1941,-449,-449,-1233,-275,-3898,808,308,-1233,INTC
9/30/16,3378,1928,449,2377,-834,-14,-187,213,3,5758,-2463,0,-532,2341,-2391,-50,362,-2683,0,-990,-990,40,40,-1231,-27,-2208,867,324,-1231,INTC
6/30/16,1330,1917,1488,3405,-208,-47,-59,352,-890,3845,-2286,0,-50,537,-2452,-1915,81,-4170,2734,460,3194,-620,-620,-1233,-192,1149,824,364,-1233,INTC
3/31/16,2046,2015,383,2398,942,-57,434,-898,-389,4055,-1346,0,-14569,-36,-219,-255,650,-15520,,956,956,-450,-450,-1228,-60,-782,-12247,448,-1228,INTC
12/31/15,3613,2146,227,2373,-687,-124,-226,361,-558,5428,-2328,0,-375,3380,166,3546,1885,2728,1490,473,1963,-355,-355,-1133,-387,88,8243,296,-1133,INTC
9/30/15,3109,2275,-211,2064,-241,-151,218,-184,562,5735,-1206,0,-14,668,-6642,-5974,-1973,-9167,7986,19,8005,-807,-807,-1140,-15,6043,2611,309,-1140,INTC
6/30/15,2706,2191,-138,2053,-594,-352,-233,-215,-1319,3440,-1767,0,-467,2005,-1330,675,264,-1295,0,-6,-6,-564,-564,-1146,-229,-1945,210,332,-1146,INTC
3/31/15,1992,2099,248,2347,1167,-137,-71,555,76,4415,-2025,,-57,2002,-374,1628,5,-449,,-486,-486,-409,-409,-1137,-242,-2274,1683,368,-1137,INTC
12/31/14,3661,2174,-261,1913,-785,-157,43,780,197,5771,-2143,0,-741,8518,-7932,586,394,-1904,0,437,437,-3906,-3906,-1069,99,-4439,-582,281,-1069,INTC
9/30/14,3317,2198,82,2280,-165,-176,-189,499,96,5693,-2445,0,-56,-5080,6594,1514,1,-986,0,65,65,-3606,-3606,-1095,29,-4607,94,281,-1095,INTC
6/30/14,2796,2170,103,2273,11,-170,-8,247,384,5453,-2828,0,-29,1893,-3340,-1447,38,-4266,0,-22,-22,-1554,-1554,-1126,-213,-2915,-1728,303,-1126,INTC
3/31/14,1930,2007,340,2347,78,405,-95,-135,-776,3501,-2689,,-108,2381,-2479,-98,146,-2749,,-245,-245,-66,-66,-1119,-220,-1650,-897,283,-1119,INTC
12/31/13,2625,1956,-49,1907,140,358,-45,530,1506,6038,-2948,-36,-43,1853,-2498,-645,-249,-3921,0,-69,-69,32,32,-1121,-164,-1322,793,263,-1121,INTC
9/30/13,2950,2021,-225,1796,-237,10,128,-58,985,5731,-2866,0,-498,2339,-2652,-313,354,-3323,0,87,87,-276,-276,-1121,4,-1306,1103,268,-1121,INTC
6/30/13,2000,1991,-6,1985,75,-177,201,16,737,4722,-2723,33,-286,1025,-3656,-2631,95,-5512,0,175,175,-221,-221,-1123,37,-1132,-1920,292,-1123,INTC
3/31/13,2045,2064,264,2328,293,372,-17,377,-88,4285,-2174,-33,-98,78,-3193,-3115,103,-5317,,-224,-224,-94,-94,-1114,-306,-1738,-2780,295,-1114,INTC
12/31/12,2468,2005,9,2014,107,572,-165,315,1544,6026,-2504,-250,-70,-498,-2165,-2663,155,-5332,6124,256,6380,-539,-539,-1119,-455,4267,4958,272,-1119,INTC
9/30/12,2972,1893,121,2014,-386,-416,-80,322,161,5147,-2887,-477,-110,1718,-3199,-1481,103,-4852,0,-36,-36,-881,-881,-1125,38,-2004,-1703,276,-1125,INTC
6/30/12,2827,1839,218,2057,490,-401,275,-184,-145,4739,-2662,-85,-282,952,327,1279,-15,-1765,0,-270,-270,-959,-959,-1057,110,-2176,794,280,-1057,INTC
3/31/12,2738,1785,229,2014,-387,-381,37,-359,-1780,2972,-2974,-3,-176,2091,-1245,846,196,-2111,,115,115,-275,-275,-1049,-286,-1495,-636,274,-1049,INTC
12/31/11,3360,1589,416,2005,178,-133,-49,247,1265,6630,-2844,-21,-244,1948,-3813,-1865,207,-4767,0,181,181,-3033,-3033,-1070,72,-3850,-1992,241,-1070,INTC
9/30/11,3468,1529,714,2243,-468,74,257,-66,638,6349,-2713,-45,-186,1013,-2130,-1117,-46,-4107,4962,-5,4957,-3669,-3669,-1102,-3,183,2422,250,-1102,INTC
6/30/11,2954,1504,402,1906,116,67,-16,-127,-889,3971,-2484,0,-75,2315,-543,1772,4,-783,0,17,17,-1826,-1826,-961,25,-2745,447,262,-961,INTC
3/31/11,3160,1442,-2,1440,-504,-251,404,133,-587,4013,-2723,,-8166,6210,3902,10112,133,-644,,16,16,-3767,-3767,-994,57,-4688,-1310,300,-994,INTC
12/31/10,3180,1206,66,1272,44,-327,387,754,1098,5550,-1869,-14,-148,4978,-5867,-889,-52,-2972,-157,-64,-221,-1462,-1462,-879,-35,-2597,-19,213,-879,INTC
9/30/10,2955,1142,118,1260,-481,-84,-223,-360,-638,3577,-1362,0,0,3146,-4900,-1754,191,-2925,0,44,44,146,146,-877,38,-649,3,224,-877,INTC
6/30/10,2887,1149,-30,1119,-235,-344,214,202,-520,3486,-1048,0,-33,2851,-3580,-729,-160,-1970,0,-115,-115,-58,-58,-877,60,-990,526,232,-877,INTC
3/31/10,2442,1141,304,1445,88,-51,29,305,192,4079,-928,,-37,1554,-3016,-1462,-245,-2672,,158,158,225,225,-870,81,-406,1001,248,-870,INTC
12/31/09,2282,1261,233,1494,-248,-440,-24,371,-371,3405,-1081,0,0,1435,-3044,-1609,-79,-2769,0,-10,-10,23,23,-774,3,-758,-122,200,-774,INTC
9/30/09,1856,1235,475,1710,-61,309,182,-1114,437,4003,-944,0,-853,3794,-5417,-1623,40,-3380,1980,-1,1979,-1554,-1554,-771,6,-340,283,218,-771,INTC
6/30/09,-398,1286,509,1795,148,241,57,1124,1987,3384,-981,0,0,-1761,749,-1012,-232,-2225,0,-7,-7,-78,-78,-784,0,-869,290,258,-784,INTC
3/31/09,629,1270,472,1742,-374,686,-721,-433,-1993,378,-1509,,,2425,-524,1901,17,409,,-69,-69,247,247,-779,,-601,186,213,-779,INTC
12/31/08,234,1219,1288,2507,731,-335,-117,74,-145,2596,-1765,0,3,-5898,5662,-236,9,-1989,0,-365,-365,2,2,-778,180,-961,-354,192,-778,INTC
9/30/08,2014,1127,537,1664,-611,-131,128,-210,-391,3287,-1374,0,-9,1307,-1321,-14,65,-1332,0,292,292,-1843,-1843,-783,4,-2330,-375,197,-783,INTC
6/30/08,1601,1105,260,1365,312,-4,41,93,-138,2828,-1151,0,0,1315,-1790,-475,3,-1623,0,-14,-14,-2216,-2216,-800,21,-3009,-1804,243,-800,INTC
3/31/08,1443,1165,438,1603,-172,75,-23,47,-831,2215,-907,,75,2366,-2412,-46,-43,-921,,47,47,-2033,-2033,-739,7,-2718,-1424,219,-739,INTC
12/31/07,2271,1171,250,1421,294,-44,22,-159,1042,4734,-1273,0,-2,-5671,4616,-1055,168,-2162,125,5,130,-695,-695,-658,114,-1109,1463,204,-658,INTC
9/30/07,1791,1163,120,1283,-329,582,157,-394,810,3884,-1088,0,-42,2455,-3570,-1115,77,-2168,0,-84,-84,134,134,-657,26,-581,1135,227,-657,INTC
6/30/07,1278,1213,239,1452,334,227,-94,-324,-275,2455,-1278,0,0,1683,-2809,-1126,24,-2380,0,82,82,639,639,-653,94,162,237,237,-653,INTC
3/31/07,1636,1251,168,1419,17,-65,17,-273,-1503,1552,-1361,,,1533,-3413,-1880,25,-3216,,-42,-42,186,186,-650,44,-462,-2126,284,-650,INTC
12/31/06,1501,1227,331,1558,630,147,-145,-87,1124,4183,-1148,0,600,-6092,4973,-1119,2,-1665,0,-2,-2,129,129,-576,60,-389,2129,334,-576,INTC
9/30/06,1301,1256,159,1415,-147,-167,-77,66,95,2811,-1188,0,152,1756,-1387,369,67,-600,0,-382,-382,-227,-227,-577,8,-1178,1033,335,-577,INTC
6/30/06,885,1215,-108,1107,744,-737,67,0,-450,1542,-1762,0,0,4336,-3087,1249,91,-422,0,-227,-227,-882,-882,-582,59,-1632,-512,332,-582,INTC
3/31/06,1357,1214,354,1568,2,-359,162,336,-829,2096,-1762,,,,-346,-346,-193,-2301,,-84,-84,-2567,-2567,-585,65,-3171,-3376,374,-585,INTC
12/31/05,2453,1108,-134,974,-164,-307,172,570,330,3757,-1412,0,-88,-7439,5306,-2133,8,-3625,1723,62,1785,-2993,-2993,-482,25,-1665,-1533,0,-482,INTC
9/30/05,1995,1114,69,1183,-300,-76,84,539,1188,4366,-1282,0,-22,1494,-1874,-380,-105,-1789,0,-65,-65,-2144,-2144,-486,0,-2695,-118,0,-486,INTC
6/30/05,2038,1117,0,1117,-221,70,-91,369,-183,2972,-1389,0,-81,2326,-1499,827,-27,-670,0,95,95,-2208,-2208,-493,0,-2606,-304,0,-493,INTC
3/31/05,2178,1256,122,1378,-227,-187,138,369,200,3756,-1788,,,3619,-2168,1451,6,-331,,34,34,-2090,-2090,-497,,-2553,872,,-497,INTC