open,high,low,close,adjClose,volume,unadjustedVolume,change,changePercent,vwap,label,changeOverTime,ticker
52.07,53.799999,51.849998,53.799999,53.799999,64948300.0,64948300.0,1.73,3.322,53.15,"May 29, 20",0.03322,AMD
53.310001,54.110001,52.889999,53.630001,53.630001,36864400.0,36864400.0,0.32,0.6,53.54333,"June 01, 20",0.006,AMD
53.450001,53.57,52.009998,53.540001,53.540001,42855200.0,42855200.0,0.09,0.168,53.04,"June 02, 20",0.00168,AMD
53.599998,53.650002,52.330002,52.73,52.73,46765300.0,46765300.0,-0.87,-1.623,52.90333,"June 03, 20",-0.01623,AMD
52.59,53.740002,52.200001,52.630001,52.630001,44869100.0,44869100.0,0.04,0.076,52.85667,"June 04, 20",0.00076,AMD
52.990002,53.57,52.080002,53.099998,53.099998,53908300.0,53908300.0,0.11,0.208,52.91667,"June 05, 20",0.00208,AMD
53.299999,53.349998,52.259998,52.970001,52.970001,39681700.0,39681700.0,-0.33,-0.619,52.86,"June 08, 20",-0.00619,AMD
52.950001,56.459999,52.720001,56.389999,56.389999,79919100.0,79919100.0,3.44,6.497,55.19,"June 09, 20",0.06497,AMD
57.200001,59.0,57.029999,57.439999,57.439999,78719400.0,78719400.0,0.24,0.42,57.82333,"June 10, 20",0.0042,AMD
55.939999,56.68,52.799999,52.830002,52.830002,78715400.0,78715400.0,-3.11,-5.56,54.10333,"June 11, 20",-0.0556,AMD
55.009998,55.599998,52.110001,53.5,53.5,71096500.0,71096500.0,-1.51,-2.745,53.73667,"June 12, 20",-0.02745,AMD
52.580002,54.73,52.41,54.68,54.68,56740700.0,56740700.0,2.1,3.994,53.94,"June 15, 20",0.03994,AMD
55.720001,56.07,53.59,54.459999,54.459999,50949700.0,50949700.0,-1.26,-2.261,54.70667,"June 16, 20",-0.02261,AMD
54.790001,55.82,54.299999,54.549999,54.549999,45008100.0,45008100.0,-0.24,-0.438,54.89,"June 17, 20",-0.00438,AMD
54.619999,55.119999,53.650002,54.040001,54.040001,40354700.0,40354700.0,-0.58,-1.062,54.27,"June 18, 20",-0.01062,AMD
54.41,55.459999,53.82,54.23,54.23,52801500.0,52801500.0,-0.18,-0.331,54.50333,"June 19, 20",-0.00331,AMD
54.669998,55.169998,53.740002,54.759998,54.759998,44704800.0,44704800.0,0.09,0.165,54.55667,"June 22, 20",0.00165,AMD
55.049999,55.369999,53.869999,53.990002,53.990002,48089000.0,48089000.0,-1.06,-1.926,54.41,"June 23, 20",-0.01926,AMD
53.939999,54.740002,51.919998,52.389999,52.389999,53535500.0,53535500.0,-1.55,-2.874,53.01667,"June 24, 20",-0.02874,AMD
52.560001,52.700001,50.540001,51.93,51.93,51129600.0,51129600.0,-0.63,-1.199,51.72333,"June 25, 20",-0.01199,AMD
51.849998,51.950001,49.450001,50.099998,50.099998,65485700.0,65485700.0,-1.75,-3.375,50.5,"June 26, 20",-0.03375,AMD
50.150002,50.279999,48.419998,50.279999,50.279999,49905800.0,49905800.0,0.13,0.259,49.66,"June 29, 20",0.00259,AMD
51.16,52.77,50.82,52.610001,52.610001,42275700.0,42275700.0,1.45,2.834,52.06667,"June 30, 20",0.02834,AMD
52.630001,52.869999,51.599998,52.580002,52.580002,32370900.0,32370900.0,-0.05,-0.095,52.35,"July 01, 20",-0.00095,AMD
53.029999,53.189999,52.049999,52.34,52.34,29081400.0,29081400.0,-0.69,-1.301,52.52667,"July 02, 20",-0.01301,AMD
52.900002,53.52,52.330002,53.400002,53.400002,36769400.0,36769400.0,0.5,0.945,53.08333,"July 06, 20",0.00945,AMD
53.279999,54.169998,52.860001,52.93,52.93,32153100.0,32153100.0,-0.35,-0.657,53.32,"July 07, 20",-0.00657,AMD
53.009998,53.470001,52.07,53.43,53.43,35608300.0,35608300.0,0.42,0.792,52.99,"July 08, 20",0.00792,AMD
53.52,57.580002,53.310001,57.259998,57.259998,87216300.0,87216300.0,3.74,6.988,56.05,"July 09, 20",0.06988,AMD
57.540001,58.150002,55.509998,55.880001,55.880001,59839700.0,59839700.0,-1.66,-2.885,56.51333,"July 10, 20",-0.02885,AMD
56.68,58.349998,53.380001,53.59,53.59,57592500.0,57592500.0,-3.09,-5.452,55.10667,"July 13, 20",-0.05452,AMD
53.299999,54.860001,52.259998,54.720001,54.720001,54890100.0,54890100.0,1.42,2.664,53.94667,"July 14, 20",0.02664,AMD
54.959999,55.369999,53.59,55.34,55.34,42360300.0,42360300.0,0.38,0.691,54.76667,"July 15, 20",0.00691,AMD
54.68,55.150002,53.740002,54.919998,54.919998,36887100.0,36887100.0,0.24,0.439,54.60333,"July 16, 20",0.00439,AMD
55.310001,55.810001,54.68,55.040001,55.040001,34710400.0,34710400.0,-0.27,-0.488,55.17667,"July 17, 20",-0.00488,AMD
55.23,57.529999,54.830002,57.459999,57.459999,45034300.0,45034300.0,2.23,4.038,56.60667,"July 20, 20",0.04038,AMD
57.810001,58.5,56.32,57.0,57.0,44800700.0,44800700.0,-0.81,-1.401,57.27333,"July 21, 20",-0.01401,AMD
57.07,62.0,56.970001,61.790001,61.790001,135159400.0,135159400.0,4.72,8.271,60.25333,"July 22, 20",0.08271,AMD
61.630001,62.330002,58.630001,59.57,59.57,106829100.0,106829100.0,-2.06,-3.343,60.17667,"July 23, 20",-0.03343,AMD
64.18,69.940002,64.050003,69.400002,69.400002,205314500.0,205314500.0,5.22,8.133,67.79667,"July 24, 20",0.08133,AMD
69.279999,71.629997,67.790001,68.970001,68.970001,107918100.0,107918100.0,-0.31,-0.447,69.46333,"July 27, 20",-0.00447,AMD
68.099998,69.800003,67.019997,67.610001,67.610001,94181400.0,94181400.0,-0.49,-0.72,68.14333,"July 28, 20",-0.0072,AMD
75.5,77.190002,73.900002,76.089996,76.089996,132969700.0,132969700.0,0.59,0.781,75.72667,"July 29, 20",0.00781,AMD
75.370003,78.959999,75.07,78.199997,78.199997,80286900.0,80286900.0,2.82999,3.755,77.41,"July 30, 20",0.03755,AMD
78.669998,78.959999,75.360001,77.43,77.43,71699700.0,71699700.0,-1.24,-1.576,77.25,"July 31, 20",-0.01576,AMD
78.190002,78.5,77.059998,77.669998,77.669998,42628800.0,42628800.0,-0.52,-0.665,77.74333,"August 03, 20",-0.00665,AMD
78.029999,85.809998,77.989998,85.040001,85.040001,155676100.0,155676100.0,7.01,8.984,82.94667,"August 04, 20",0.08984,AMD
84.959999,86.32,83.32,85.309998,85.309998,65737300.0,65737300.0,0.35,0.412,84.98333,"August 05, 20",0.00412,AMD
85.489998,86.980003,84.779999,86.709999,86.709999,53961700.0,53961700.0,1.22,1.427,86.15667,"August 06, 20",0.01427,AMD
86.669998,87.290001,82.669998,84.849998,84.849998,66498000.0,66498000.0,-1.82,-2.1,84.93667,"August 07, 20",-0.021,AMD
85.050003,85.160004,79.32,82.239998,82.239998,70536100.0,70536100.0,-2.81001,-3.304,82.24,"August 10, 20",-0.03304,AMD
80.709999,80.709999,76.099998,76.879997,76.879997,77877700.0,77877700.0,-3.83,-4.745,77.89666,"August 11, 20",-0.04745,AMD
78.43,82.879997,77.550003,82.610001,82.610001,88607800.0,88607800.0,4.18,5.33,81.01333,"August 12, 20",0.0533,AMD
82.879997,84.019997,81.540001,81.839996,81.839996,57407400.0,57407400.0,-1.04,-1.255,82.46666,"August 13, 20",-0.01255,AMD
81.809998,83.239998,80.879997,81.300003,81.300003,42389500.0,42389500.0,-0.50999,-0.623,81.80667,"August 14, 20",-0.00623,AMD
82.089996,83.059998,81.550003,82.419998,82.419998,31450200.0,31450200.0,0.33,0.402,82.34333,"August 17, 20",0.00402,AMD
82.800003,82.879997,81.029999,81.660004,81.660004,30970500.0,30970500.0,-1.14,-1.377,81.85667,"August 18, 20",-0.01377,AMD
81.779999,81.849998,80.449997,81.089996,81.089996,37507400.0,37507400.0,-0.69,-0.844,81.13,"August 19, 20",-0.00844,AMD
79.74,82.84,79.12,82.77,82.77,43161391.0,43161391.0,3.03,3.8,81.57667,"August 20, 20",0.038,AMD
83.290001,84.410004,82.230003,83.809998,83.809998,48280300.0,48280300.0,0.52,0.624,83.48334,"August 21, 20",0.00624,AMD
84.550003,85.330002,82.550003,83.080002,83.080002,38036100.0,38036100.0,-1.47,-1.739,83.65334,"August 24, 20",-0.01739,AMD
83.360001,86.620003,82.349998,86.349998,86.349998,49234400.0,49234400.0,2.99,3.587,85.10667,"August 25, 20",0.03587,AMD
86.970001,87.720001,85.199997,86.019997,86.019997,47157300.0,47157300.0,-0.95,-1.092,86.31333,"August 26, 20",-0.01092,AMD
86.349998,86.580002,82.940002,83.800003,83.800003,42194200.0,42194200.0,-2.54999,-2.953,84.44,"August 27, 20",-0.02953,AMD
84.300003,86.040001,84.190002,85.550003,85.550003,40723300.0,40723300.0,1.25,1.483,85.26,"August 28, 20",0.01483,AMD
85.050003,92.639999,85.050003,90.82,90.82,90655900.0,90655900.0,5.77,6.784,89.50333,"August 31, 20",0.06784,AMD
91.919998,92.510002,90.190002,92.18,92.18,56117100.0,56117100.0,0.26,0.283,91.62667,"September 01, 20",0.00283,AMD
94.010002,94.279999,88.739998,90.220001,90.220001,50366900.0,50366900.0,-3.79,-4.031,91.08,"September 02, 20",-0.04031,AMD
87.839996,88.470001,81.589996,82.540001,82.540001,87462700.0,87462700.0,-5.29999,-6.034,84.2,"September 03, 20",-0.06034,AMD
81.449997,84.389999,76.330002,82.010002,82.010002,82267800.0,82267800.0,0.56001,0.688,80.91,"September 04, 20",0.00688,AMD
78.050003,81.879997,78.0,78.690002,78.690002,54955700.0,54955700.0,0.64,0.82,79.52333,"September 08, 20",0.0082,AMD
81.400002,82.440002,79.279999,81.910004,81.910004,54163900.0,54163900.0,0.51,0.627,81.21,"September 09, 20",0.00627,AMD
83.07,83.309998,78.379997,78.980003,78.980003,51499400.0,51499400.0,-4.09,-4.924,80.22333,"September 10, 20",-0.04924,AMD
79.82,79.989998,75.040001,76.339996,76.339996,54763000.0,54763000.0,-3.48,-4.36,77.12333,"September 11, 20",-0.0436,AMD
76.800003,78.82,76.260002,77.900002,77.900002,47448700.0,47448700.0,1.1,1.432,77.66,"September 14, 20",0.01432,AMD
77.660004,80.330002,75.970001,78.93,78.93,57874400.0,57874400.0,1.27,1.635,78.41,"September 15, 20",0.01635,AMD
79.349998,79.720001,76.540001,76.660004,76.660004,38393500.0,38393500.0,-2.68999,-3.39,77.64,"September 16, 20",-0.0339,AMD
74.879997,76.629997,74.199997,76.550003,76.550003,55619100.0,55619100.0,1.67001,2.23,75.79333,"September 17, 20",0.0223,AMD
77.0,77.400002,73.849998,74.93,74.93,51082900.0,51082900.0,-2.07,-2.688,75.39333,"September 18, 20",-0.02688,AMD
74.230003,77.980003,73.879997,77.940002,77.940002,61312000.0,61312000.0,3.71,4.998,76.6,"September 21, 20",0.04998,AMD
78.360001,78.790001,75.269997,77.699997,77.699997,56044700.0,56044700.0,-0.66,-0.842,77.25333,"September 22, 20",-0.00842,AMD
77.389999,77.910004,74.339996,74.730003,74.730003,42327500.0,42327500.0,-2.66,-3.437,75.66,"September 23, 20",-0.03437,AMD
74.540001,77.25,73.900002,75.82,75.82,57540900.0,57540900.0,1.28,1.717,75.65667,"September 24, 20",0.01717,AMD
76.349998,78.199997,74.669998,78.059998,78.059998,48206200.0,48206200.0,1.71,2.24,76.97666,"September 25, 20",0.0224,AMD
79.120003,79.57,77.519997,79.480003,79.480003,48005500.0,48005500.0,0.36,0.455,78.85667,"September 28, 20",0.00455,AMD
79.300003,82.550003,79.300003,81.769997,81.769997,61568900.0,61568900.0,2.46999,3.115,81.20667,"September 29, 20",0.03115,AMD
81.75,82.940002,80.660004,81.989998,81.989998,51479700.0,51479700.0,0.24,0.294,81.86333,"September 30, 20",0.00294,AMD
83.059998,85.25,82.860001,84.860001,84.860001,52177100.0,52177100.0,1.8,2.167,84.32333,"October 01, 20",0.02167,AMD
82.580002,84.650002,81.660004,81.800003,81.800003,52855100.0,52855100.0,-0.78,-0.945,82.70334,"October 02, 20",-0.00945,AMD
82.550003,86.279999,82.550003,86.150002,86.150002,47056500.0,47056500.0,3.6,4.361,84.99333,"October 05, 20",0.04361,AMD
86.209999,87.25,83.540001,84.480003,84.480003,52725400.0,52725400.0,-1.73,-2.007,85.09,"October 06, 20",-0.02007,AMD
86.099998,87.790001,85.650002,86.690002,86.690002,43045700.0,43045700.0,0.59,0.685,86.71,"October 07, 20",0.00685,AMD
88.110001,88.720001,85.949997,86.510002,86.510002,54240700.0,54240700.0,-1.6,-1.816,87.06,"October 08, 20",-0.01816,AMD
84.739998,85.75,82.349998,83.099998,83.099998,80354400.0,80354400.0,-1.64,-1.935,83.73333,"October 09, 20",-0.01935,AMD
83.650002,85.129997,83.120003,84.290001,84.290001,47669700.0,47669700.0,0.64,0.765,84.18,"October 12, 20",0.00765,AMD
84.860001,86.089996,83.970001,85.279999,85.279999,42764100.0,42764100.0,0.42,0.495,85.11333,"October 13, 20",0.00495,AMD
85.860001,85.959999,83.459999,84.209999,84.209999,40446700.0,40446700.0,-1.65,-1.922,84.54333,"October 14, 20",-0.01922,AMD
83.400002,84.720001,82.419998,83.129997,83.129997,33696400.0,33696400.0,-0.27,-0.324,83.42333,"October 15, 20",-0.00324,AMD
83.540001,83.989998,82.410004,83.169998,83.169998,31474300.0,31474300.0,-0.37,-0.443,83.19,"October 16, 20",-0.00443,AMD
83.620003,84.650002,81.529999,82.0,82.0,36689100.0,36689100.0,-1.62,-1.937,82.72667,"October 19, 20",-0.01937,AMD
82.160004,82.690002,80.580002,81.559998,81.559998,38219400.0,38219400.0,-0.60001,-0.73,81.61,"October 20, 20",-0.0073,AMD
81.720001,81.93,79.190002,79.199997,79.199997,36426400.0,36426400.0,-2.52,-3.084,80.10667,"October 21, 20",-0.03084,AMD
79.650002,80.82,78.419998,79.419998,79.419998,38006800.0,38006800.0,-0.23,-0.289,79.55333,"October 22, 20",-0.00289,AMD
80.93,81.989998,79.330002,81.959999,81.959999,46557700.0,46557700.0,1.03,1.273,81.09333,"October 23, 20",0.01273,AMD
82.550003,84.970001,80.860001,82.230003,82.230003,69423700.0,69423700.0,-0.32,-0.388,82.68667,"October 26, 20",-0.00388,AMD
82.0,82.370003,77.57,78.879997,78.879997,156669500.0,156669500.0,-3.12,-3.805,79.60667,"October 27, 20",-0.03805,AMD
78.730003,78.959999,75.760002,76.400002,76.400002,76529900.0,76529900.0,-2.33,-2.959,77.04,"October 28, 20",-0.02959,AMD
76.75,79.18,76.290001,78.019997,78.019997,52784100.0,52784100.0,1.27,1.655,77.83,"October 29, 20",0.01655,AMD
77.089996,77.699997,74.230003,75.290001,75.290001,51349000.0,51349000.0,-1.79999,-2.335,75.74,"October 30, 20",-0.02335,AMD
75.849998,76.339996,73.760002,74.699997,74.699997,45760700.0,45760700.0,-1.15,-1.516,74.93333,"November 02, 20",-0.01516,AMD
74.93,77.080002,74.599998,76.580002,76.580002,41231800.0,41231800.0,1.65,2.202,76.08667,"November 03, 20",0.02202,AMD
80.25,81.849998,78.970001,81.349998,81.349998,66579700.0,66579700.0,1.1,1.371,80.72333,"November 04, 20",0.01371,AMD
83.269997,83.5,81.849998,83.0,83.0,46542300.0,46542300.0,-0.27,-0.324,82.78333,"November 05, 20",-0.00324,AMD
83.519997,86.089996,82.669998,85.879997,85.879997,53829900.0,53829900.0,2.36,2.826,84.88,"November 06, 20",0.02826,AMD
84.239998,87.050003,82.769997,83.120003,83.120003,58580700.0,58580700.0,-1.12,-1.33,84.31333,"November 09, 20",-0.0133,AMD
81.93,82.129997,77.629997,77.989998,77.989998,67137200.0,67137200.0,-3.94,-4.809,79.25,"November 10, 20",-0.04809,AMD
79.389999,81.470001,78.970001,81.279999,81.279999,44611300.0,44611300.0,1.89,2.381,80.57333,"November 11, 20",0.02381,AMD
81.32,83.0,80.300003,81.839996,81.839996,37242600.0,37242600.0,0.52,0.639,81.71333,"November 12, 20",0.00639,AMD
82.730003,83.110001,80.699997,81.43,81.43,30423200.0,30423200.0,-1.3,-1.571,81.74667,"November 13, 20",-0.01571,AMD
81.209999,83.779999,80.480003,83.730003,83.730003,38640800.0,38640800.0,2.52,3.103,82.66334,"November 16, 20",0.03103,AMD
83.93,84.809998,82.910004,83.360001,83.360001,29473500.0,29473500.0,-0.57,-0.679,83.69333,"November 17, 20",-0.00679,AMD
83.010002,83.959999,82.220001,82.540001,82.540001,29968000.0,29968000.0,-0.47,-0.566,82.90667,"November 18, 20",-0.00566,AMD
82.389999,85.639999,81.720001,85.540001,85.540001,50116800.0,50116800.0,3.15,3.823,84.3,"November 19, 20",0.03823,AMD
85.279999,86.099998,84.470001,84.639999,84.639999,34974800.0,34974800.0,-0.64,-0.75,85.07,"November 20, 20",-0.0075,AMD
85.519997,87.540001,84.620003,85.309998,85.309998,46505000.0,46505000.0,-0.21,-0.246,85.82333,"November 23, 20",-0.00246,AMD
85.720001,86.110001,83.32,85.07,85.07,36839200.0,36839200.0,-0.65,-0.758,84.83333,"November 24, 20",-0.00758,AMD
85.760002,87.839996,85.519997,86.709999,86.709999,41349700.0,41349700.0,0.95,1.108,86.69,"November 25, 20",0.01108,AMD
87.989998,88.0,86.360001,87.190002,87.190002,22717600.0,22717600.0,-0.8,-0.909,87.18333,"November 27, 20",-0.00909,AMD
87.330002,92.739998,86.529999,92.660004,92.660004,84483000.0,84483000.0,5.33,6.103,90.64333,"November 30, 20",0.06103,AMD
92.25,93.900002,90.779999,92.629997,92.629997,58670500.0,58670500.0,0.38,0.412,92.43667,"December 01, 20",0.00412,AMD
92.889999,96.370003,92.529999,93.739998,93.739998,57988800.0,57988800.0,0.85,0.915,94.21333,"December 02, 20",0.00915,AMD
94.059998,94.699997,92.010002,92.309998,92.309998,35859700.0,35859700.0,-1.75,-1.861,93.00667,"December 03, 20",-0.01861,AMD
92.580002,94.580002,90.629997,94.040001,94.040001,45570300.0,45570300.0,1.46,1.577,93.08333,"December 04, 20",0.01577,AMD
94.949997,95.0,92.970001,94.07,94.07,39815700.0,39815700.0,-0.88,-0.927,94.01333,"December 07, 20",-0.00927,AMD
94.050003,94.739998,91.900002,92.919998,92.919998,33907500.0,33907500.0,-1.13,-1.201,93.18667,"December 08, 20",-0.01201,AMD
92.760002,94.699997,89.160004,89.830002,89.830002,52170400.0,52170400.0,-2.93,-3.159,91.23,"December 09, 20",-0.03159,AMD
89.550003,92.089996,89.029999,91.660004,91.660004,33804400.0,33804400.0,2.11,2.356,90.92667,"December 10, 20",0.02356,AMD
91.540001,92.330002,90.160004,91.650002,91.650002,28368100.0,28368100.0,0.11,0.12,91.38,"December 11, 20",0.0012,AMD
92.209999,95.410004,91.849998,94.779999,94.779999,48026400.0,48026400.0,2.57,2.787,94.01333,"December 14, 20",0.02787,AMD
95.93,97.980003,95.449997,97.120003,97.120003,57305100.0,57305100.0,1.19,1.24,96.85,"December 15, 20",0.0124,AMD
97.040001,97.269997,95.459999,96.849998,96.849998,34909000.0,34909000.0,-0.19,-0.196,96.52666,"December 16, 20",-0.00196,AMD
97.550003,97.919998,96.25,96.839996,96.839996,32023700.0,32023700.0,-0.71001,-0.728,97.00333,"December 17, 20",-0.00728,AMD
97.269997,97.68,93.559998,95.919998,95.919998,51823100.0,51823100.0,-1.35,-1.388,95.72,"December 18, 20",-0.01388,AMD
94.25,95.279999,91.080002,93.230003,93.230003,47093900.0,47093900.0,-1.02,-1.082,93.19667,"December 21, 20",-0.01082,AMD
93.360001,93.550003,90.529999,93.160004,93.160004,35673700.0,35673700.0,-0.2,-0.214,92.41334,"December 22, 20",-0.00214,AMD
93.080002,93.129997,91.459999,91.550003,91.550003,25993300.0,25993300.0,-1.53,-1.644,92.04667,"December 23, 20",-0.01644,AMD
91.800003,92.510002,91.309998,91.809998,91.809998,16705900.0,16705900.0,0.00999,0.011,91.87667,"December 24, 20",0.00011,AMD
92.93,93.139999,90.82,91.599998,91.599998,30627300.0,30627300.0,-1.33,-1.431,91.85333,"December 28, 20",-0.01431,AMD
91.660004,92.459999,89.43,90.620003,90.620003,31748200.0,31748200.0,-1.04,-1.135,90.83667,"December 29, 20",-0.01135,AMD
90.779999,92.849998,90.190002,92.290001,92.290001,25845000.0,25845000.0,1.51,1.663,91.77667,"December 30, 20",0.01663,AMD
92.099998,92.300003,90.870003,91.709999,91.709999,24920500.0,24920500.0,-0.39,-0.423,91.62667,"December 31, 20",-0.00423,AMD
92.110001,96.059998,90.919998,92.300003,92.300003,51802600.0,51802600.0,0.19,0.206,93.09333,"January 04, 21",0.00206,AMD
92.099998,93.209999,91.410004,92.769997,92.769997,34208000.0,34208000.0,0.67,0.727,92.46333,"January 05, 21",0.00727,AMD
91.620003,92.279999,89.459999,90.330002,90.330002,51911700.0,51911700.0,-1.29,-1.408,90.69,"January 06, 21",-0.01408,AMD
91.330002,95.510002,91.199997,95.160004,95.160004,42897200.0,42897200.0,3.83,4.194,93.95667,"January 07, 21",0.04194,AMD
95.980003,96.400002,93.269997,94.580002,94.580002,39816400.0,39816400.0,-1.4,-1.459,94.75,"January 08, 21",-0.01459,AMD
94.029999,99.230003,93.760002,97.25,97.25,48669100.0,48669100.0,3.22,3.424,96.74667,"January 11, 21",0.03424,AMD
97.860001,98.970001,94.07,95.360001,95.360001,67672300.0,67672300.0,-2.5,-2.555,96.13333,"January 12, 21",-0.02555,AMD
93.010002,93.889999,90.839996,91.779999,91.779999,60712900.0,60712900.0,-1.23,-1.322,92.17,"January 13, 21",-0.01322,AMD
91.769997,92.360001,90.449997,90.790001,90.790001,53408200.0,53408200.0,-0.98,-1.068,91.2,"January 14, 21",-0.01068,AMD
90.75,91.589996,87.860001,88.209999,88.209999,49243100.0,49243100.0,-2.54,-2.799,89.22,"January 15, 21",-0.02799,AMD
89.559998,89.580002,87.239998,89.449997,89.449997,45115100.0,45115100.0,-0.11,-0.123,88.75667,"January 19, 21",-0.00123,AMD
90.550003,90.779999,88.599998,88.75,88.75,35185800.0,35185800.0,-1.8,-1.988,89.37667,"January 20, 21",-0.01988,AMD
89.339996,92.07,88.43,91.529999,91.529999,54596100.0,54596100.0,2.19,2.451,90.67667,"January 21, 21",0.02451,AMD
94.419998,95.949997,91.879997,92.790001,92.790001,71294700.0,71294700.0,-1.63,-1.726,93.54,"January 22, 21",-0.01726,AMD
94.139999,95.739998,91.400002,94.129997,94.129997,55086900.0,55086900.0,-0.01,-0.011,93.75667,"January 25, 21",-0.00011,AMD
94.910004,95.720001,93.629997,94.709999,94.709999,59449100.0,59449100.0,-0.20001,-0.211,94.68667,"January 26, 21",-0.00211,AMD
91.099998,91.879997,86.220001,88.839996,88.839996,73341200.0,73341200.0,-2.26,-2.481,88.98,"January 27, 21",-0.02481,AMD
89.830002,89.879997,87.300003,87.519997,87.519997,47048400.0,47048400.0,-2.31,-2.572,88.23333,"January 28, 21",-0.02572,AMD
87.559998,88.330002,85.019997,85.639999,85.639999,56735800.0,56735800.0,-1.92,-2.193,86.33,"January 29, 21",-0.02193,AMD
86.830002,87.949997,84.660004,87.660004,87.660004,42359300.0,42359300.0,0.83,0.956,86.75667,"February 01, 21",0.00956,AMD
88.489998,89.279999,86.949997,88.860001,88.860001,33850000.0,33850000.0,0.37,0.418,88.36333,"February 02, 21",0.00418,AMD
88.599998,89.480003,87.339996,87.889999,87.889999,32312900.0,32312900.0,-0.71,-0.801,88.23667,"February 03, 21",-0.00801,AMD
88.220001,88.599998,87.059998,87.839996,87.839996,30791600.0,30791600.0,-0.38,-0.431,87.83333,"February 04, 21",-0.00431,AMD
88.150002,88.360001,86.879997,87.900002,87.900002,30268700.0,30268700.0,-0.25,-0.284,87.71333,"February 05, 21",-0.00284,AMD
88.309998,91.989998,87.980003,91.470001,91.470001,47639900.0,47639900.0,3.16,3.578,90.48,"February 08, 21",0.03578,AMD
91.389999,93.300003,90.550003,90.910004,90.910004,37596400.0,37596400.0,-0.48,-0.525,91.58667,"February 09, 21",-0.00525,AMD
91.5,93.269997,90.459999,92.349998,92.349998,42441300.0,42441300.0,0.85,0.929,92.02666,"February 10, 21",0.00929,AMD
92.900002,93.650002,91.330002,92.660004,92.660004,35571000.0,35571000.0,-0.24,-0.258,92.54667,"February 11, 21",-0.00258,AMD
92.75,94.220001,91.900002,93.769997,93.769997,38538400.0,38538400.0,1.02,1.1,93.29667,"February 12, 21",0.011,AMD
93.900002,94.0,90.75,91.459999,91.459999,35105900.0,35105900.0,-2.44,-2.599,92.07,"February 16, 21",-0.02599,AMD
90.559998,90.959999,88.57,89.940002,89.940002,32245500.0,32245500.0,-0.62,-0.685,89.82333,"February 17, 21",-0.00685,AMD
89.089996,89.599998,87.309998,88.639999,88.639999,35624900.0,35624900.0,-0.45,-0.505,88.51666,"February 18, 21",-0.00505,AMD
89.75,90.419998,88.690002,89.580002,89.580002,29548300.0,29548300.0,-0.17,-0.189,89.56333,"February 19, 21",-0.00189,AMD
88.150002,88.300003,85.209999,85.370003,85.370003,36930200.0,36930200.0,-2.78,-3.154,86.29334,"February 22, 21",-0.03154,AMD
83.400002,85.110001,79.360001,84.739998,84.739998,49720900.0,49720900.0,1.34,1.607,83.07,"February 23, 21",0.01607,AMD
84.330002,87.089996,82.809998,86.940002,86.940002,40821200.0,40821200.0,2.61,3.095,85.61333,"February 24, 21",0.03095,AMD
86.169998,87.089996,81.919998,82.419998,82.419998,54625100.0,54625100.0,-3.75,-4.352,83.81,"February 25, 21",-0.04352,AMD
83.57,85.589996,82.910004,84.510002,84.510002,48962900.0,48962900.0,0.94,1.125,84.33667,"February 26, 21",0.01125,AMD
85.370003,86.5,83.970001,86.389999,86.389999,32746200.0,32746200.0,1.02,1.195,85.62,"March 01, 21",0.01195,AMD
86.919998,86.949997,84.040001,84.129997,84.129997,34828200.0,34828200.0,-2.79,-3.21,85.04,"March 02, 21",-0.0321,AMD
84.279999,84.379997,80.849998,80.860001,80.860001,43541000.0,43541000.0,-3.42,-4.058,82.03,"March 03, 21",-0.04058,AMD
80.230003,81.809998,76.779999,77.75,77.75,60549400.0,60549400.0,-2.48,-3.091,78.78,"March 04, 21",-0.03091,AMD
79.0,79.480003,74.199997,78.519997,78.519997,58548900.0,58548900.0,-0.48,-0.608,77.4,"March 05, 21",-0.00608,AMD
78.029999,79.0,73.860001,73.959999,73.959999,54563900.0,54563900.0,-4.07,-5.216,75.60667,"March 08, 21",-0.05216,AMD
76.730003,79.220001,75.769997,78.529999,78.529999,45088300.0,45088300.0,1.8,2.346,77.84,"March 09, 21",0.02346,AMD
79.75,80.040001,77.410004,77.519997,77.519997,45416600.0,45416600.0,-2.23,-2.796,78.32333,"March 10, 21",-0.02796,AMD
79.400002,81.889999,79.370003,81.230003,81.230003,43583700.0,43583700.0,1.83,2.305,80.83,"March 11, 21",0.02305,AMD
79.730003,81.190002,79.230003,81.050003,81.050003,32938000.0,32938000.0,1.32,1.656,80.49,"March 12, 21",0.01656,AMD
81.910004,83.389999,81.199997,82.5,82.5,39086800.0,39086800.0,0.59,0.72,82.36333,"March 15, 21",0.0072,AMD
83.660004,84.75,82.260002,82.75,82.75,42971600.0,42971600.0,-0.91,-1.088,83.25333,"March 16, 21",-0.01088,AMD
81.75,83.25,80.410004,82.629997,82.629997,43320600.0,43320600.0,0.88,1.076,82.09667,"March 17, 21",0.01076,AMD
81.059998,81.620003,78.010002,78.120003,78.120003,51036500.0,51036500.0,-2.93999,-3.627,79.25,"March 18, 21",-0.03627,AMD
78.489998,79.339996,77.589996,79.059998,79.059998,42283400.0,42283400.0,0.57,0.726,78.66333,"March 19, 21",0.00726,AMD
79.989998,81.269997,79.220001,80.300003,80.300003,39648600.0,39648600.0,0.31001,0.388,80.26333,"March 22, 21",0.00388,AMD
80.129997,80.339996,77.949997,78.379997,78.379997,40466600.0,40466600.0,-1.75,-2.184,78.89,"March 23, 21",-0.02184,AMD
77.550003,78.800003,76.400002,76.480003,76.480003,43753600.0,43753600.0,-1.07,-1.38,77.22667,"March 24, 21",-0.0138,AMD
75.849998,76.949997,74.959999,76.220001,76.220001,44735100.0,44735100.0,0.37,0.488,76.04333,"March 25, 21",0.00488,AMD
76.620003,77.5,75.029999,77.410004,77.410004,49148700.0,49148700.0,0.79,1.031,76.64667,"March 26, 21",0.01031,AMD
77.029999,78.019997,76.260002,77.139999,77.139999,37144300.0,37144300.0,0.11,0.143,77.14,"March 29, 21",0.00143,AMD
76.470001,76.559998,74.849998,76.0,76.0,39169300.0,39169300.0,-0.47,-0.615,75.80333,"March 30, 21",-0.00615,AMD
76.57,79.129997,76.519997,78.5,78.5,43659500.0,43659500.0,1.93,2.521,78.05,"March 31, 21",0.02521,AMD
80.160004,81.309998,79.480003,81.089996,81.089996,40182400.0,40182400.0,0.92999,1.16,80.62667,"April 01, 21",0.0116,AMD
81.739998,81.900002,80.389999,81.43,81.43,32610600.0,32610600.0,-0.31,-0.379,81.24,"April 05, 21",-0.00379,AMD
81.209999,82.459999,80.879997,81.440002,81.440002,29327900.0,29327900.0,0.23,0.283,81.59333,"April 06, 21",0.00283,AMD
81.32,83.099998,80.349998,82.199997,82.199997,35590900.0,35590900.0,0.88,1.082,81.88333,"April 07, 21",0.01082,AMD
83.32,83.790001,82.440002,83.349998,83.349998,41925300.0,41925300.0,0.03,0.036,83.19333,"April 08, 21",0.00036,AMD
82.800003,83.589996,82.160004,82.760002,82.760002,32759900.0,32759900.0,-0.04,-0.048,82.83667,"April 09, 21",-0.00048,AMD
82.059998,82.18,78.029999,78.580002,78.580002,62098800.0,62098800.0,-3.48,-4.241,79.59667,"April 12, 21",-0.04241,AMD
79.669998,80.720001,78.980003,80.190002,80.190002,37767300.0,37767300.0,0.52,0.653,79.96334,"April 13, 21",0.00653,AMD
79.879997,80.129997,77.940002,78.550003,78.550003,34263800.0,34263800.0,-1.32999,-1.665,78.87333,"April 14, 21",-0.01665,AMD
80.32,83.95,79.97,83.01,83.01,69326088.0,69326088.0,2.69,3.349,82.31,"April 15, 21",0.03349,AMD
83.3,83.59,81.53,82.15,82.15,47557630.0,47557630.0,-1.15,-1.381,82.42333,"April 16, 21",-0.01381,AMD
82.13,83.18,80.39,81.11,81.11,39336397.0,39336397.0,-1.02,-1.242,81.56,"April 19, 21",-0.01242,AMD
80.82,81.11,78.51,79.27,79.27,35083205.0,35083205.0,-1.55,-1.918,79.63,"April 20, 21",-0.01918,AMD
78.99,81.66,78.86,81.61,81.61,35199333.0,35199333.0,2.62,3.317,80.71,"April 21, 21",0.03317,AMD
81.61,81.79,78.59,79.06,79.06,38767752.0,38767752.0,-2.55,-3.125,79.81333,"April 22, 21",-0.03125,AMD
80.21,83.3,79.96,82.76,82.76,49360292.0,49360292.0,2.55,3.179,82.00667,"April 23, 21",0.03179,AMD
83.35,85.9,82.7,85.41,85.41,57441477.0,57441477.0,2.06,2.472,84.67,"April 26, 21",0.02472,AMD
85.67,87.15,85.13,85.21,85.21,59602479.0,59602479.0,-0.46,-0.537,85.83,"April 27, 21",-0.00537,AMD
88.85,89.2,83.92,84.02,84.02,109194023.0,109194023.0,-4.83,-5.436,85.71333,"April 28, 21",-0.05436,AMD
84.7,85.27,82.63,83.91,83.91,51559389.0,51559389.0,-0.79,-0.933,83.93667,"April 29, 21",-0.00933,AMD
82.97,84.1,81.42,81.62,81.62,46548837.0,46548837.0,-1.35,-1.627,82.38,"April 30, 21",-0.01627,AMD
81.97,82.0,78.46,78.55,78.55,66357164.0,66357164.0,-3.42,-4.172,79.67,"May 03, 21",-0.04172,AMD
77.95,78.67,77.04,78.61,78.61,59778802.0,59778802.0,0.66,0.847,78.10667,"May 04, 21",0.00847,AMD
79.05,79.3,77.36,77.83,77.83,42534857.0,42534857.0,-1.22,-1.543,78.16333,"May 05, 21",-0.01543,AMD
77.63,78.06,76.47,77.89,77.89,38686128.0,38686128.0,0.26,0.335,77.47333,"May 06, 21",0.00335,AMD
78.75,79.57,78.22,78.81,78.81,36948362.0,36948362.0,0.06,0.076,78.86667,"May 07, 21",0.00076,AMD
78.2,78.3,75.92,75.99,75.99,45241790.0,45241790.0,-2.21,-2.826,76.73667,"May 10, 21",-0.02826,AMD
73.57,76.93,72.75,76.83,76.83,51105700.0,51105700.0,3.26,4.431,75.50333,"May 11, 21",0.04431,AMD
75.09,76.13,74.16,74.64,74.64,42611308.0,42611308.0,-0.45,-0.599,74.97667,"May 12, 21",-0.00599,AMD
75.21,75.7,72.5,73.09,73.09,48900235.0,48900235.0,-2.12,-2.819,73.76333,"May 13, 21",-0.02819,AMD
74.02,75.03,72.72,74.59,74.59,38303554.0,38303554.0,0.57,0.77,74.11333,"May 14, 21",0.0077,AMD
74.22,75.52,73.41,74.65,74.65,40640469.0,40640469.0,0.43,0.579,74.52667,"May 17, 21",0.00579,AMD
74.74,75.77,74.24,74.44,74.44,32033523.0,32033523.0,-0.3,-0.401,74.81667,"May 18, 21",-0.00401,AMD
73.16,76.97,72.76,76.23,76.23,74014803.0,74014803.0,3.07,4.196,75.32,"May 19, 21",0.04196,AMD
76.81,78.27,76.25,78.06,78.06,49267415.0,49267415.0,1.25,1.627,77.52667,"May 20, 21",0.01627,AMD
78.55,78.81,77.04,77.17,77.17,40474396.0,40474396.0,-1.38,-1.757,77.67333,"May 21, 21",-0.01757,AMD
77.26,78.01,76.8,77.44,77.44,33359277.0,33359277.0,0.18,0.233,77.41667,"May 24, 21",0.00233,AMD
77.33,78.77,76.84,77.86,77.86,47619746.0,47619746.0,0.53,0.685,77.82333,"May 25, 21",0.00685,AMD
77.83,78.59,77.59,78.34,78.34,30371815.0,30371815.0,0.51,0.655,78.17333,"May 26, 21",0.00655,AMD
78.11,78.43,77.47,78.42,78.42,35832767.0,35832767.0,0.31,0.397,78.10667,"May 27, 21",0.00397,AMD
78.66,81.09,78.66,80.08,80.08,41223430.0,41223430.0,1.42,1.805,79.94333,"May 28, 21",0.01805,AMD
342.179993,355.019989,339.399994,355.019989,354.647156,18648000.0,18648000.0,12.84,3.752,349.81332,"May 29, 20",0.03752,NVDA
353.329987,353.630005,347.579987,352.25,351.880066,9746900.0,9746900.0,-1.07999,-0.306,351.15333,"June 01, 20",-0.00306,NVDA
351.850006,353.48999,346.320007,353.01001,352.639252,9783000.0,9783000.0,1.16,0.33,350.94,"June 02, 20",0.0033,NVDA
352.890015,354.649994,348.0,350.779999,350.411591,9136000.0,9136000.0,-2.11002,-0.598,351.14333,"June 03, 20",-0.00598,NVDA
349.119995,357.730011,347.100006,350.660004,350.451569,10607000.0,10607000.0,1.54001,0.441,351.83001,"June 04, 20",0.00441,NVDA
351.779999,359.880005,348.320007,356.799988,356.587921,12043700.0,12043700.0,5.01999,1.427,355.0,"June 05, 20",0.01427,NVDA
355.089996,355.589996,347.429993,352.200012,351.990692,9693400.0,9693400.0,-2.88998,-0.814,351.74,"June 08, 20",-0.00814,NVDA
352.0,364.390015,350.049988,361.839996,361.624939,11712200.0,11712200.0,9.84,2.795,358.76,"June 09, 20",0.02795,NVDA
366.709991,380.0,366.140015,374.670013,374.447327,15804500.0,15804500.0,7.96002,2.171,373.60334,"June 10, 20",0.02171,NVDA
366.0,370.450012,351.440002,351.850006,351.6409,14591300.0,14591300.0,-14.14999,-3.866,357.91334,"June 11, 20",-0.03866,NVDA
366.5,367.48999,348.130005,357.299988,357.087616,14252900.0,14252900.0,-9.20001,-2.51,357.63999,"June 12, 20",-0.0251,NVDA
352.609985,367.290009,349.75,366.950012,366.731934,10000100.0,10000100.0,14.34003,4.067,361.33001,"June 15, 20",0.04067,NVDA
369.0,370.670013,353.549988,362.73999,362.524414,13392900.0,13392900.0,-6.26001,-1.696,362.32,"June 16, 20",-0.01696,NVDA
364.549988,371.959991,362.809998,369.440002,369.220428,10188300.0,10188300.0,4.89001,1.341,368.07,"June 17, 20",0.01341,NVDA
369.079987,371.299988,364.579987,368.720001,368.500854,6360200.0,6360200.0,-0.35999,-0.098,368.19999,"June 18, 20",-0.00098,NVDA
369.700012,377.799988,369.089996,370.450012,370.229828,13104000.0,13104000.0,0.75,0.203,372.44667,"June 19, 20",0.00203,NVDA
372.0,381.25,370.929993,381.070007,380.843506,9961700.0,9961700.0,9.07001,2.438,377.75,"June 22, 20",0.02438,NVDA
382.040009,385.700012,376.299988,378.0,377.77533,9377700.0,9377700.0,-4.04001,-1.057,380.0,"June 23, 20",-0.01057,NVDA
379.049988,382.26001,365.779999,369.420013,369.200439,11234300.0,11234300.0,-9.62998,-2.541,372.48667,"June 24, 20",-0.02541,NVDA
374.230011,380.200012,367.290009,379.600006,379.37439,9401800.0,9401800.0,5.37,1.435,375.69668,"June 25, 20",0.01435,NVDA
380.0,380.0,365.0,366.200012,365.982361,14802100.0,14802100.0,-13.79999,-3.632,370.4,"June 26, 20",-0.03632,NVDA
366.790009,368.179993,356.0,368.0,367.781281,8556200.0,8556200.0,1.20999,0.33,364.06,"June 29, 20",0.0033,NVDA
372.559998,381.049988,370.660004,379.910004,379.684204,9197300.0,9197300.0,7.35001,1.973,377.20667,"June 30, 20",0.01973,NVDA
380.829987,383.029999,376.519989,381.200012,380.97345,8166200.0,8166200.0,0.37002,0.097,380.25,"July 01, 20",0.00097,NVDA
385.559998,389.5,383.130005,384.48999,384.261475,9101400.0,9101400.0,-1.07001,-0.278,385.70667,"July 02, 20",-0.00278,NVDA
389.670013,396.350006,388.5,393.570007,393.33609,7897300.0,7897300.0,3.89999,1.001,392.80667,"July 06, 20",0.01001,NVDA
397.850006,402.799988,394.029999,394.869995,394.635315,8945000.0,8945000.0,-2.98001,-0.749,397.23333,"July 07, 20",-0.00749,NVDA
399.75,409.0,398.619995,408.640015,408.397125,9137000.0,9137000.0,8.89002,2.224,405.42,"July 08, 20",0.02224,NVDA
415.209991,422.799988,409.339996,420.359985,420.110138,12363700.0,12363700.0,5.14999,1.24,417.49999,"July 09, 20",0.0124,NVDA
423.549988,426.209991,415.149994,419.170013,418.920898,12441900.0,12441900.0,-4.37998,-1.034,420.17667,"July 10, 20",-0.01034,NVDA
423.799988,431.690002,401.0,402.089996,401.851013,11426900.0,11426900.0,-21.70999,-5.123,411.59333,"July 13, 20",-0.05123,NVDA
403.0,416.109985,391.420013,415.079987,414.833282,13566900.0,13566900.0,12.07999,2.998,407.53666,"July 14, 20",0.02998,NVDA
416.570007,417.320007,402.230011,409.089996,408.846863,10073400.0,10073400.0,-7.48001,-1.796,409.54667,"July 15, 20",-0.01796,NVDA
400.600006,408.269989,395.820007,405.390015,405.149078,8624100.0,8624100.0,4.79001,1.196,403.16,"July 16, 20",0.01196,NVDA
409.019989,409.940002,403.51001,408.059998,407.817474,6657100.0,6657100.0,-0.95999,-0.235,407.17,"July 17, 20",-0.00235,NVDA
410.970001,421.25,406.269989,420.429993,420.180084,7121300.0,7121300.0,9.45999,2.302,415.98333,"July 20, 20",0.02302,NVDA
420.519989,422.399994,411.470001,413.140015,412.89447,6941700.0,6941700.0,-7.37997,-1.755,415.67,"July 21, 20",-0.01755,NVDA
414.700012,424.100006,411.660004,417.549988,417.301819,9182300.0,9182300.0,2.84998,0.687,417.77,"July 22, 20",0.00687,NVDA
418.0,421.880005,401.25,405.190002,404.949188,10291500.0,10291500.0,-12.81,-3.065,409.44,"July 23, 20",-0.03065,NVDA
395.0,414.589996,391.079987,407.779999,407.537628,11832300.0,11832300.0,12.78,3.235,404.48333,"July 24, 20",0.03235,NVDA
409.290009,417.670013,408.709991,416.859985,416.612213,7303300.0,7303300.0,7.56998,1.85,414.41333,"July 27, 20",0.0185,NVDA
414.970001,415.279999,408.369995,408.619995,408.377136,6790900.0,6790900.0,-6.35001,-1.53,410.75666,"July 28, 20",-0.0153,NVDA
415.630005,420.649994,413.880005,418.619995,418.371185,7112700.0,7112700.0,2.98999,0.719,417.71666,"July 29, 20",0.00719,NVDA
415.0,424.920013,411.809998,424.559998,424.307648,7722000.0,7722000.0,9.56,2.304,420.43,"July 30, 20",0.02304,NVDA
422.529999,430.660004,417.320007,424.589996,424.337646,9657200.0,9657200.0,2.06,0.488,424.19,"July 31, 20",0.00488,NVDA
429.299988,443.950012,428.609985,440.410004,440.148254,10318000.0,10318000.0,11.11002,2.588,437.65667,"August 03, 20",0.02588,NVDA
442.0,449.109985,436.23999,449.109985,448.843048,7758400.0,7758400.0,7.10998,1.609,444.81999,"August 04, 20",0.01609,NVDA
449.76001,454.869995,446.649994,451.470001,451.20166,6262500.0,6262500.0,1.70999,0.38,450.99666,"August 05, 20",0.0038,NVDA
453.98999,454.320007,447.149994,453.420013,453.150513,6107900.0,6107900.0,-0.56998,-0.126,451.63,"August 06, 20",-0.00126,NVDA
452.5,460.190002,441.5,447.980011,447.713745,8555400.0,8555400.0,-4.51999,-0.999,449.89,"August 07, 20",-0.00999,NVDA
453.369995,456.329987,434.26001,446.600006,446.334564,10694900.0,10694900.0,-6.76999,-1.493,445.73,"August 10, 20",-0.01493,NVDA
442.950012,445.470001,431.829987,434.0,433.742035,8862800.0,8862800.0,-8.95001,-2.021,437.1,"August 11, 20",-0.02021,NVDA
439.630005,458.679993,438.329987,457.609985,457.338013,11623600.0,11623600.0,17.97998,4.09,451.53999,"August 12, 20",0.0409,NVDA
461.839996,468.869995,454.230011,457.720001,457.447968,9361500.0,9361500.0,-4.11999,-0.892,460.27334,"August 13, 20",-0.00892,NVDA
461.200012,468.190002,457.619995,462.559998,462.285095,9160900.0,9160900.0,1.35999,0.295,462.79,"August 14, 20",0.00295,NVDA
474.049988,496.390015,472.690002,493.480011,493.186737,15532500.0,15532500.0,19.43002,4.099,487.52001,"August 17, 20",0.04099,NVDA
498.0,499.839996,483.450012,490.429993,490.138489,12586200.0,12586200.0,-7.57001,-1.52,491.24,"August 18, 20",-0.0152,NVDA
491.859985,492.600006,483.920013,485.540009,485.251404,15565600.0,15565600.0,-6.31998,-1.285,487.35334,"August 19, 20",-0.01285,NVDA
479.0,495.0,475.15,485.18,485.18,23111409.0,23111409.0,6.18,1.29,485.11,"August 20, 20",0.0129,NVDA
488.070007,512.349976,487.809998,507.339996,507.038483,24996700.0,24996700.0,19.26999,3.948,502.49999,"August 21, 20",0.03948,NVDA
515.349976,516.5,500.299988,508.809998,508.507568,12264100.0,12264100.0,-6.53998,-1.269,508.53666,"August 24, 20",-0.01269,NVDA
505.230011,510.450012,502.950012,510.0,509.696899,7226900.0,7226900.0,4.76999,0.944,507.80001,"August 25, 20",0.00944,NVDA
511.970001,514.73999,507.109985,510.920013,510.616364,8031100.0,8031100.0,-1.04999,-0.205,510.92333,"August 26, 20",-0.00205,NVDA
511.26001,514.0,502.660004,505.130005,504.829773,7940100.0,7940100.0,-6.13001,-1.199,507.26334,"August 27, 20",-0.01199,NVDA
507.0,525.919983,505.700012,525.909973,525.597412,13429000.0,13429000.0,18.90997,3.73,519.17666,"August 28, 20",0.0373,NVDA
527.309998,543.0,521.51001,534.97998,534.661987,12521000.0,12521000.0,7.66998,1.455,533.16333,"August 31, 20",0.01455,NVDA
539.200012,559.75,537.460022,552.840027,552.676758,12811800.0,12811800.0,13.64001,2.53,550.01668,"September 01, 20",0.0253,NVDA
588.150024,589.070007,556.0,573.859985,573.690491,21850300.0,21850300.0,-14.29004,-2.43,572.97666,"September 02, 20",-0.0243,NVDA
553.150024,555.380005,515.150024,520.619995,520.466248,23628200.0,23628200.0,-32.53003,-5.881,530.38334,"September 03, 20",-0.05881,NVDA
511.350006,527.0,468.190002,504.899994,504.750885,36592100.0,36592100.0,-6.45001,-1.261,500.03,"September 04, 20",-0.01261,NVDA
469.380005,502.0,468.170013,476.519989,476.379242,19893200.0,19893200.0,7.13998,1.521,482.23,"September 08, 20",0.01521,NVDA
496.0,512.369995,489.269989,508.600006,508.449799,18405000.0,18405000.0,12.60001,2.54,503.41333,"September 09, 20",0.0254,NVDA
519.570007,522.609985,486.679993,492.470001,492.324554,17467100.0,17467100.0,-27.10001,-5.216,500.58666,"September 10, 20",-0.05216,NVDA
499.420013,506.100006,475.829987,486.579987,486.436279,15923200.0,15923200.0,-12.84003,-2.571,489.50333,"September 11, 20",-0.02571,NVDA
523.23999,532.599976,505.25,514.890015,514.737976,30043600.0,30043600.0,-8.34998,-1.596,517.58,"September 14, 20",-0.01596,NVDA
531.200012,531.950012,513.109985,519.640015,519.486572,18188900.0,18188900.0,-11.56,-2.176,521.56667,"September 15, 20",-0.02176,NVDA
518.289978,523.710022,500.549988,500.579987,500.432159,13909600.0,13909600.0,-17.70999,-3.417,508.28,"September 16, 20",-0.03417,NVDA
485.290009,503.589996,481.390015,498.540009,498.392761,19812800.0,19812800.0,13.25,2.73,494.50667,"September 17, 20",0.0273,NVDA
503.75,505.299988,479.549988,487.570007,487.425995,17461500.0,17461500.0,-16.17999,-3.212,490.80666,"September 18, 20",-0.03212,NVDA
477.0,500.899994,476.179993,500.690002,500.542114,18026100.0,18026100.0,23.69,4.966,492.59,"September 21, 20",0.04966,NVDA
503.0,505.920013,486.220001,505.51001,505.360718,16161300.0,16161300.0,2.51001,0.499,499.21667,"September 22, 20",0.00499,NVDA
503.019989,509.079987,483.170013,484.950012,484.806793,16175300.0,16175300.0,-18.06998,-3.592,492.4,"September 23, 20",-0.03592,NVDA
482.890015,502.779999,480.559998,493.920013,493.774139,18281000.0,18281000.0,11.03,2.284,492.42,"September 24, 20",0.02284,NVDA
497.899994,515.340027,489.829987,514.950012,514.797913,14700400.0,14700400.0,17.05002,3.424,506.70668,"September 25, 20",0.03424,NVDA
521.609985,522.070007,510.0,521.400024,521.246033,14345200.0,14345200.0,-0.20996,-0.04,517.82334,"September 28, 20",-0.0004,NVDA
517.5,537.710022,517.330017,529.030029,528.873779,15536500.0,15536500.0,11.53003,2.228,528.02336,"September 29, 20",0.02228,NVDA
526.299988,544.900024,526.01001,541.219971,541.06012,17206100.0,17206100.0,14.91998,2.835,537.37667,"September 30, 20",0.02835,NVDA
550.320007,550.51001,538.429993,544.580017,544.419189,13125100.0,13125100.0,-5.73999,-1.043,544.50667,"October 01, 20",-0.01043,NVDA
529.0,540.780029,522.039978,522.48999,522.335693,13812400.0,13812400.0,-6.51001,-1.231,528.43667,"October 02, 20",-0.01231,NVDA
529.440002,545.77002,528.909973,545.700012,545.538818,11995500.0,11995500.0,16.26001,3.071,540.12667,"October 05, 20",0.03071,NVDA
553.200012,565.679993,546.599976,549.460022,549.297729,19610500.0,19610500.0,-3.73999,-0.676,553.91333,"October 06, 20",-0.00676,NVDA
559.98999,564.77002,554.539978,558.559998,558.39502,10452100.0,10452100.0,-1.42999,-0.255,559.29,"October 07, 20",-0.00255,NVDA
563.0,563.380005,550.320007,553.549988,553.386475,9472500.0,9472500.0,-9.45001,-1.679,555.75,"October 08, 20",-0.01679,NVDA
550.679993,552.969971,546.429993,550.51001,550.347412,8672300.0,8672300.0,-0.16998,-0.031,549.96999,"October 09, 20",-0.00031,NVDA
559.580017,573.880005,556.5,569.039978,568.871887,10868600.0,10868600.0,9.45996,1.691,566.47333,"October 12, 20",0.01691,NVDA
571.859985,573.940002,560.75,569.929993,569.761658,8615100.0,8615100.0,-1.92999,-0.337,568.20667,"October 13, 20",-0.00337,NVDA
571.619995,573.710022,558.400024,563.809998,563.643494,6916200.0,6916200.0,-7.81,-1.366,565.30668,"October 14, 20",-0.01366,NVDA
552.429993,560.22998,550.710022,558.799988,558.634949,6680600.0,6680600.0,6.37,1.153,556.58,"October 15, 20",0.01153,NVDA
561.469971,564.859985,551.700012,552.460022,552.296875,6059800.0,6059800.0,-9.00995,-1.605,556.34001,"October 16, 20",-0.01605,NVDA
556.119995,559.340027,536.27002,539.909973,539.750488,7451700.0,7451700.0,-16.21002,-2.915,545.17334,"October 19, 20",-0.02915,NVDA
543.340027,551.98999,540.280029,545.820007,545.658813,5730300.0,5730300.0,2.47998,0.456,546.03001,"October 20, 20",0.00456,NVDA
545.0,551.659973,539.099976,540.98999,540.8302,5489900.0,5489900.0,-4.01001,-0.736,543.91665,"October 21, 20",-0.00736,NVDA
540.900024,544.469971,529.27002,534.440002,534.282166,7262000.0,7262000.0,-6.46002,-1.194,536.06,"October 22, 20",-0.01194,NVDA
538.0,543.72998,531.650024,543.609985,543.449463,5837100.0,5837100.0,5.60999,1.043,539.66333,"October 23, 20",0.01043,NVDA
537.080017,547.710022,521.539978,525.650024,525.494751,8422400.0,8422400.0,-11.42999,-2.128,531.63334,"October 26, 20",-0.02128,NVDA
532.23999,537.679993,527.659973,535.869995,535.711731,6263000.0,6263000.0,3.63,0.682,533.73665,"October 27, 20",0.00682,NVDA
527.919983,530.400024,504.359985,505.079987,504.930817,9413000.0,9413000.0,-22.84,-4.326,513.28,"October 28, 20",-0.04326,NVDA
513.539978,527.710022,510.0,520.960022,520.806152,8002000.0,8002000.0,7.42004,1.445,519.55668,"October 29, 20",0.01445,NVDA
514.0,517.460022,492.0,501.359985,501.211914,10420500.0,10420500.0,-12.64002,-2.459,503.60667,"October 30, 20",-0.02459,NVDA
506.309998,513.469971,495.799988,503.230011,503.08139,7491300.0,7491300.0,-3.07999,-0.608,504.16666,"November 02, 20",-0.00608,NVDA
508.339996,524.200012,504.109985,520.780029,520.626221,6822500.0,6822500.0,12.44003,2.447,516.36334,"November 03, 20",0.02447,NVDA
535.570007,553.099976,533.47998,551.77002,551.607056,10255700.0,10255700.0,16.20001,3.025,546.11666,"November 04, 20",0.03025,NVDA
566.5,573.559998,559.640015,566.400024,566.232727,7975700.0,7975700.0,-0.09998,-0.018,566.53335,"November 05, 20",-0.00018,NVDA
564.390015,583.549988,555.799988,582.47998,582.307922,9583700.0,9583700.0,18.08997,3.205,573.94332,"November 06, 20",0.03205,NVDA
582.099976,587.659973,544.429993,545.22998,545.06897,14574400.0,14574400.0,-36.87,-6.334,559.10665,"November 09, 20",-0.06334,NVDA
544.26001,544.26001,505.130005,510.799988,510.649139,16101700.0,16101700.0,-33.46002,-6.148,520.06333,"November 10, 20",-0.06148,NVDA
522.150024,537.400024,517.929993,536.719971,536.561462,10118600.0,10118600.0,14.56995,2.79,530.68333,"November 11, 20",0.0279,NVDA
539.159973,550.640015,532.640015,538.27002,538.111023,9145300.0,9145300.0,-0.88995,-0.165,540.51668,"November 12, 20",-0.00165,NVDA
545.090027,546.75,522.369995,531.880005,531.7229,8657800.0,8657800.0,-13.21002,-2.423,533.66667,"November 13, 20",-0.02423,NVDA
526.900024,545.97998,526.23999,540.609985,540.450317,10344400.0,10344400.0,13.70996,2.602,537.60999,"November 16, 20",0.02602,NVDA
542.099976,543.849976,532.150024,536.890015,536.731445,7800700.0,7800700.0,-5.20996,-0.961,537.63001,"November 17, 20",-0.00961,NVDA
538.609985,544.22998,527.400024,537.150024,536.991394,12773100.0,12773100.0,-1.45996,-0.271,536.26001,"November 18, 20",-0.00271,NVDA
528.51001,539.5,524.0,537.609985,537.451233,14148400.0,14148400.0,9.09998,1.722,533.70333,"November 19, 20",0.01722,NVDA
538.159973,539.780029,522.599976,523.51001,523.355408,8500500.0,8500500.0,-14.64996,-2.722,528.63001,"November 20, 20",-0.02722,NVDA
526.849976,535.299988,520.619995,525.599976,525.444763,9033900.0,9033900.0,-1.25,-0.237,527.17332,"November 23, 20",-0.00237,NVDA
525.700012,526.47998,515.400024,518.309998,518.156921,8662500.0,8662500.0,-7.39001,-1.406,520.06333,"November 24, 20",-0.01406,NVDA
521.299988,530.780029,520.799988,529.390015,529.233643,6497900.0,6497900.0,8.09003,1.552,526.99001,"November 25, 20",0.01552,NVDA
535.0,536.299988,526.820007,530.450012,530.293335,4181900.0,4181900.0,-4.54999,-0.85,531.19,"November 27, 20",-0.0085,NVDA
530.599976,536.5,518.890015,536.059998,535.901672,7173800.0,7173800.0,5.46002,1.029,530.48334,"November 30, 20",0.01029,NVDA
539.690002,541.150024,529.130005,535.599976,535.441772,7439300.0,7439300.0,-4.09003,-0.758,535.29334,"December 01, 20",-0.00758,NVDA
534.02002,546.940002,529.369995,541.780029,541.619995,7084000.0,7084000.0,7.76001,1.453,539.36334,"December 02, 20",0.01453,NVDA
543.5,546.400024,533.159973,535.840027,535.840027,4988000.0,4988000.0,-7.65997,-1.409,538.46667,"December 03, 20",-0.01409,NVDA
537.940002,542.400024,535.549988,542.330017,542.330017,5056100.0,5056100.0,4.39001,0.816,540.09334,"December 04, 20",0.00816,NVDA
544.049988,549.25,540.0,544.27002,544.27002,5581100.0,5581100.0,0.22003,0.04,544.50667,"December 07, 20",0.0004,NVDA
543.400024,543.950012,531.26001,534.0,534.0,6798000.0,6798000.0,-9.40002,-1.73,536.40334,"December 08, 20",-0.0173,NVDA
532.02002,536.559998,514.72998,517.22998,517.22998,10032500.0,10032500.0,-14.79004,-2.78,522.83999,"December 09, 20",-0.0278,NVDA
514.76001,522.75,513.97998,518.890015,518.890015,5194100.0,5194100.0,4.13,0.802,518.54,"December 10, 20",0.00802,NVDA
518.690002,520.799988,512.919983,520.530029,520.530029,5231600.0,5231600.0,1.84003,0.355,518.08333,"December 11, 20",0.00355,NVDA
523.52002,535.549988,523.099976,532.349976,532.349976,6753900.0,6753900.0,8.82996,1.687,530.33331,"December 14, 20",0.01687,NVDA
537.590027,538.559998,527.469971,534.419983,534.419983,4837100.0,4837100.0,-3.17004,-0.59,533.48332,"December 15, 20",-0.0059,NVDA
536.900024,537.48999,528.5,529.700012,529.700012,5577900.0,5577900.0,-7.20001,-1.341,531.89667,"December 16, 20",-0.01341,NVDA
534.669983,535.179993,527.140015,533.650024,533.650024,5784600.0,5784600.0,-1.01996,-0.191,531.99001,"December 17, 20",-0.00191,NVDA
535.159973,536.200012,522.820007,530.880005,530.880005,8551600.0,8551600.0,-4.27997,-0.8,529.96667,"December 18, 20",-0.008,NVDA
522.98999,534.799988,518.700012,533.289978,533.289978,7558300.0,7558300.0,10.29999,1.969,528.92999,"December 21, 20",0.01969,NVDA
532.77002,533.48999,522.159973,531.130005,531.130005,4639500.0,4639500.0,-1.64002,-0.308,528.92666,"December 22, 20",-0.00308,NVDA
530.23999,531.0,520.200012,520.369995,520.369995,4478600.0,4478600.0,-9.87,-1.861,523.85667,"December 23, 20",-0.01861,NVDA
521.48999,525.299988,517.549988,519.75,519.75,2447100.0,2447100.0,-1.73999,-0.334,520.86666,"December 24, 20",-0.00334,NVDA
522.5,522.5,510.529999,516.0,516.0,5314100.0,5314100.0,-6.5,-1.244,516.34333,"December 28, 20",-0.01244,NVDA
517.0,522.900024,513.690002,517.72998,517.72998,4259300.0,4259300.0,0.72998,0.141,518.10667,"December 29, 20",0.00141,NVDA
519.609985,528.549988,515.869995,525.830017,525.830017,5634900.0,5634900.0,6.22003,1.197,523.41667,"December 30, 20",0.01197,NVDA
525.460022,526.039978,516.599976,522.200012,522.200012,4806500.0,4806500.0,-3.26001,-0.62,521.61332,"December 31, 20",-0.0062,NVDA
524.169983,546.099976,518.5,524.539978,524.539978,14016000.0,14016000.0,0.37,0.071,529.71332,"January 04, 21",0.00071,NVDA
523.98999,537.73999,523.47998,536.190002,536.190002,8069000.0,8069000.0,12.20001,2.328,532.46999,"January 05, 21",0.02328,NVDA
528.900024,529.799988,503.440002,504.579987,504.579987,14510600.0,14510600.0,-24.32004,-4.598,512.60666,"January 06, 21",-0.04598,NVDA
518.700012,535.109985,515.460022,533.76001,533.76001,11537000.0,11537000.0,15.06,2.903,528.11001,"January 07, 21",0.02903,NVDA
534.5,536.840027,521.679993,531.070007,531.070007,7313200.0,7313200.0,-3.42999,-0.642,529.86334,"January 08, 21",-0.00642,NVDA
536.75,558.440002,534.5,544.859985,544.859985,12975700.0,12975700.0,8.10999,1.511,545.93333,"January 11, 21",0.01511,NVDA
550.099976,550.179993,533.799988,539.390015,539.390015,7286900.0,7286900.0,-10.70996,-1.947,541.12333,"January 12, 21",-0.01947,NVDA
539.599976,545.0,535.400024,541.27002,541.27002,5250700.0,5250700.0,1.67004,0.309,540.55668,"January 13, 21",0.00309,NVDA
543.0,543.98999,527.219971,528.01001,528.01001,7078000.0,7078000.0,-14.98999,-2.761,533.07332,"January 14, 21",-0.02761,NVDA
529.119995,533.01001,513.940002,514.380005,514.380005,6933300.0,6933300.0,-14.73999,-2.786,520.44334,"January 15, 21",-0.02786,NVDA
520.650024,523.76001,513.76001,521.01001,521.01001,5654700.0,5654700.0,0.35999,0.069,519.51001,"January 19, 21",0.00069,NVDA
524.469971,537.219971,522.27002,534.630005,534.630005,6464300.0,6464300.0,10.16003,1.937,531.37333,"January 20, 21",0.01937,NVDA
536.73999,559.969971,530.119995,554.700012,554.700012,8458500.0,8458500.0,17.96002,3.346,548.26333,"January 21, 21",0.03346,NVDA
549.599976,553.669983,545.090027,548.5,548.5,6170500.0,6170500.0,-1.09998,-0.2,549.08667,"January 22, 21",-0.002,NVDA
551.27002,553.140015,529.460022,546.130005,546.130005,6277800.0,6277800.0,-5.14002,-0.932,542.91001,"January 25, 21",-0.00932,NVDA
543.219971,545.789978,535.5,537.409973,537.409973,4099500.0,4099500.0,-5.81,-1.07,539.56665,"January 26, 21",-0.0107,NVDA
529.200012,529.309998,511.75,516.710022,516.710022,9281800.0,9281800.0,-12.48999,-2.36,519.25667,"January 27, 21",-0.0236,NVDA
519.849976,533.590027,518.419983,522.039978,522.039978,5707900.0,5707900.0,2.19,0.421,524.68333,"January 28, 21",0.00421,NVDA
523.0,533.390015,516.460022,519.590027,519.590027,6777800.0,6777800.0,-3.40997,-0.652,523.14669,"January 29, 21",-0.00652,NVDA
522.130005,530.830017,516.109985,529.47998,529.47998,5430100.0,5430100.0,7.34997,1.408,525.47333,"February 01, 21",0.01408,NVDA
535.950012,542.880005,531.419983,542.27002,542.27002,5511000.0,5511000.0,6.32001,1.179,538.85667,"February 02, 21",0.01179,NVDA
545.440002,557.27002,540.659973,541.219971,541.219971,6135200.0,6135200.0,-4.22003,-0.774,546.38332,"February 03, 21",-0.00774,NVDA
541.23999,546.940002,533.51001,546.570007,546.570007,5033500.0,5033500.0,5.33002,0.985,542.34001,"February 04, 21",0.00985,NVDA
549.0,549.48999,541.830017,543.640015,543.640015,4218200.0,4218200.0,-5.35999,-0.976,544.98667,"February 05, 21",-0.00976,NVDA
549.090027,578.950012,549.090027,577.549988,577.549988,10865600.0,10865600.0,28.45996,5.183,568.53001,"February 08, 21",0.05183,NVDA
573.630005,583.330017,568.900024,570.530029,570.530029,7189000.0,7189000.0,-3.09998,-0.54,574.25336,"February 09, 21",-0.0054,NVDA
578.530029,596.200012,573.659973,590.570007,590.570007,12133800.0,12133800.0,12.03998,2.081,586.81,"February 10, 21",0.02081,NVDA
599.210022,610.890015,597.0,610.030029,610.030029,11245500.0,11245500.0,10.82001,1.806,605.97335,"February 11, 21",0.01806,NVDA
602.0,611.650024,591.0,598.450012,598.450012,9356800.0,9356800.0,-3.54999,-0.59,600.36668,"February 12, 21",-0.0059,NVDA
602.570007,614.900024,598.0,613.210022,613.210022,8049000.0,8049000.0,10.64001,1.766,608.70335,"February 16, 21",0.01766,NVDA
606.840027,608.940002,591.200012,596.23999,596.23999,6868900.0,6868900.0,-10.60004,-1.747,598.79333,"February 17, 21",-0.01747,NVDA
589.159973,594.929993,583.0,593.159973,593.159973,5846700.0,5846700.0,4.0,0.679,590.36332,"February 18, 21",0.00679,NVDA
600.97998,607.080017,593.869995,597.059998,597.059998,6793100.0,6793100.0,-3.91998,-0.652,599.33667,"February 19, 21",-0.00652,NVDA
590.98999,605.330017,573.0,574.22998,574.22998,8147100.0,8147100.0,-16.76001,-2.836,584.18667,"February 22, 21",-0.02836,NVDA
563.01001,569.549988,535.580017,565.679993,565.679993,9794500.0,9794500.0,2.66998,0.474,556.93667,"February 23, 21",0.00474,NVDA
564.909973,580.27002,550.23999,579.960022,579.960022,11208000.0,11208000.0,15.05005,2.664,570.15668,"February 24, 21",0.02664,NVDA
561.820007,574.98999,528.650024,532.299988,532.299988,20610900.0,20610900.0,-29.52002,-5.254,545.31333,"February 25, 21",-0.05254,NVDA
550.099976,554.179993,534.440002,548.580017,548.580017,12514600.0,12514600.0,-1.51996,-0.276,545.73334,"February 26, 21",-0.00276,NVDA
555.0,557.0,542.130005,553.669983,553.478943,8829600.0,8829600.0,-1.33002,-0.24,550.93333,"March 01, 21",-0.0024,NVDA
556.0,556.820007,535.840027,536.25,536.064941,6602900.0,6602900.0,-19.75,-3.552,542.97001,"March 02, 21",-0.03552,NVDA
537.049988,538.059998,511.950012,512.190002,512.013245,9439800.0,9439800.0,-24.85999,-4.629,520.73334,"March 03, 21",-0.04629,NVDA
512.030029,519.0,483.350006,494.809998,494.639252,14333600.0,14333600.0,-17.22003,-3.363,499.05333,"March 04, 21",-0.03363,NVDA
502.0,502.0,467.170013,498.459991,498.287994,13571000.0,13571000.0,-3.54001,-0.705,489.21,"March 05, 21",-0.00705,NVDA
498.0,498.850006,462.660004,463.730011,463.570007,13577800.0,13577800.0,-34.26999,-6.882,475.08001,"March 08, 21",-0.06882,NVDA
485.209991,504.670013,482.369995,500.809998,500.809998,13045600.0,13045600.0,15.60001,3.215,495.95,"March 09, 21",0.03215,NVDA
513.619995,519.200012,498.299988,498.730011,498.730011,9609400.0,9609400.0,-14.88998,-2.899,505.41,"March 10, 21",-0.02899,NVDA
518.0,521.849976,509.380005,519.73999,519.73999,7497900.0,7497900.0,1.73999,0.336,516.98999,"March 11, 21",0.00336,NVDA
505.929993,515.549988,503.600006,514.23999,514.23999,6099100.0,6099100.0,8.31,1.643,511.12999,"March 12, 21",0.01643,NVDA
514.590027,528.27002,510.690002,527.650024,527.650024,5549700.0,5549700.0,13.06,2.538,522.20335,"March 15, 21",0.02538,NVDA
534.26001,540.5,524.669983,531.650024,531.650024,6803200.0,6803200.0,-2.60999,-0.489,532.27334,"March 16, 21",-0.00489,NVDA
521.590027,538.130005,519.580017,533.650024,533.650024,6096600.0,6096600.0,12.06,2.312,530.45335,"March 17, 21",0.02312,NVDA
525.460022,527.359985,508.679993,508.899994,508.899994,7354700.0,7354700.0,-16.56003,-3.152,514.97999,"March 18, 21",-0.03152,NVDA
510.0,516.859985,504.5,513.830017,513.830017,7480200.0,7480200.0,3.83002,0.751,511.73,"March 19, 21",0.00751,NVDA
516.51001,535.780029,516.27002,527.450012,527.450012,7445100.0,7445100.0,10.94,2.118,526.50002,"March 22, 21",0.02118,NVDA
530.169983,533.780029,520.849976,522.830017,522.830017,5551200.0,5551200.0,-7.33997,-1.384,525.82001,"March 23, 21",-0.01384,NVDA
526.049988,526.369995,505.470001,505.720001,505.720001,6146000.0,6146000.0,-20.32999,-3.865,512.52,"March 24, 21",-0.03865,NVDA
499.980011,508.589996,490.880005,501.410004,501.410004,7378600.0,7378600.0,1.42999,0.286,500.29334,"March 25, 21",0.00286,NVDA
502.179993,514.25,494.940002,513.570007,513.570007,9099200.0,9099200.0,11.39001,2.268,507.58667,"March 26, 21",0.02268,NVDA
512.809998,522.5,508.0,517.929993,517.929993,6838000.0,6838000.0,5.12,0.998,516.14333,"March 29, 21",0.00998,NVDA
513.679993,519.01001,508.200012,514.869995,514.869995,5005100.0,5005100.0,1.19,0.232,514.02667,"March 30, 21",0.00232,NVDA
520.619995,538.820007,519.299988,533.929993,533.929993,7869400.0,7869400.0,13.31,2.557,530.68333,"March 31, 21",0.02557,NVDA
542.890015,554.799988,540.450012,552.469971,552.469971,7706900.0,7706900.0,9.57996,1.765,549.23999,"April 01, 21",0.01765,NVDA
554.700012,560.559998,549.320007,559.5,559.5,6391800.0,6391800.0,4.79999,0.865,556.46,"April 05, 21",0.00865,NVDA
559.98999,562.169983,550.940002,554.460022,554.460022,4793600.0,4793600.0,-5.52997,-0.988,555.85667,"April 06, 21",-0.00988,NVDA
555.22998,569.73999,548.460022,565.73999,565.73999,6282100.0,6282100.0,10.51001,1.893,561.31333,"April 07, 21",0.01893,NVDA
570.109985,578.859985,569.960022,572.679993,572.679993,6110400.0,6110400.0,2.57001,0.451,573.83333,"April 08, 21",0.00451,NVDA
568.559998,576.320007,567.0,576.0,576.0,4879300.0,4879300.0,7.44,1.309,573.10667,"April 09, 21",0.01309,NVDA
571.590027,614.099976,565.570007,608.359985,608.359985,21733100.0,21733100.0,36.76996,6.433,596.00999,"April 12, 21",0.06433,NVDA
609.26001,628.0,605.030029,627.179993,627.179993,16905300.0,16905300.0,17.91998,2.941,620.07001,"April 13, 21",0.02941,NVDA
625.0,628.820007,609.099976,611.080017,611.080017,9637500.0,9637500.0,-13.91998,-2.227,616.33333,"April 14, 21",-0.02227,NVDA
626.5,648.57,625.26,645.49,645.49,14981315.0,14981315.0,18.99,3.031,639.77333,"April 15, 21",0.03031,NVDA
642.12,646.63,634.61,636.5,636.5,8424795.0,8424795.0,-5.62,-0.875,639.24667,"April 16, 21",-0.00875,NVDA
621.46,632.3,609.32,614.47,614.47,10112073.0,10112073.0,-6.99,-1.125,618.69667,"April 19, 21",-0.01125,NVDA
612.93,619.88,598.52,606.85,606.85,8347377.0,8347377.0,-6.08,-0.992,608.41667,"April 20, 21",-0.00992,NVDA
604.75,614.5,604.47,614.42,614.42,5434633.0,5434633.0,9.67,1.599,611.13,"April 21, 21",0.01599,NVDA
615.0,617.54,591.35,594.01,594.01,6995550.0,6995550.0,-20.99,-3.413,600.96667,"April 22, 21",-0.03413,NVDA
597.38,613.4,596.45,610.61,610.61,5721296.0,5721296.0,13.23,2.215,606.82,"April 23, 21",0.02215,NVDA
607.4,619.16,605.0,619.12,619.12,4962849.0,4962849.0,11.72,1.93,614.42667,"April 26, 21",0.0193,NVDA
623.14,626.82,614.19,615.27,615.27,4144525.0,4144525.0,-7.87,-1.263,618.76,"April 27, 21",-0.01263,NVDA
614.58,621.29,608.62,611.07,611.07,4889816.0,4889816.0,-3.51,-0.571,613.66,"April 28, 21",-0.00571,NVDA
616.0,617.46,602.95,612.99,612.99,4333124.0,4333124.0,-3.01,-0.489,611.13333,"April 29, 21",-0.00489,NVDA
606.98,614.6,599.88,600.38,600.38,4680503.0,4680503.0,-6.6,-1.087,604.95333,"April 30, 21",-0.01087,NVDA
605.0,609.87,591.5,593.47,593.47,5114916.0,5114916.0,-11.53,-1.906,598.28,"May 03, 21",-0.01906,NVDA
585.49,585.5,560.41,574.05,574.05,10206964.0,10206964.0,-11.44,-1.954,573.32,"May 04, 21",-0.01954,NVDA
588.36,592.54,575.5,578.34,578.34,7357502.0,7357502.0,-10.02,-1.703,582.12667,"May 05, 21",-0.01703,NVDA
579.81,582.85,568.72,580.92,580.92,4852985.0,4852985.0,1.11,0.191,577.49667,"May 06, 21",0.00191,NVDA
592.33,598.83,587.0,592.49,592.49,5371790.0,5371790.0,0.16,0.027,592.77333,"May 07, 21",0.00027,NVDA
591.49,592.24,570.0,570.63,570.63,6718772.0,6718772.0,-20.86,-3.527,577.62333,"May 10, 21",-0.03527,NVDA
553.0,574.19,550.0,572.25,572.25,7157733.0,7157733.0,19.25,3.481,565.48,"May 11, 21",0.03481,NVDA
560.38,570.39,548.38,550.34,550.34,7422949.0,7422949.0,-10.04,-1.792,556.37,"May 12, 21",-0.01792,NVDA
561.35,563.17,538.39,546.61,546.61,7028912.0,7028912.0,-14.74,-2.626,549.39,"May 13, 21",-0.02626,NVDA
555.6,573.09,549.94,569.72,569.72,6477766.0,6477766.0,14.12,2.541,564.25,"May 14, 21",0.02541,NVDA
566.28,566.77,554.18,566.62,566.62,5464999.0,5464999.0,0.34,0.06,562.52333,"May 17, 21",0.0006,NVDA
570.68,576.17,560.16,560.63,560.63,4602915.0,4602915.0,-10.05,-1.761,565.65333,"May 18, 21",-0.01761,NVDA
542.66,563.15,542.0,562.63,562.63,8426914.0,8426914.0,19.97,3.68,555.92667,"May 19, 21",0.0368,NVDA
572.1,587.35,570.82,584.5,584.5,8017973.0,8017973.0,12.4,2.167,580.89,"May 20, 21",0.02167,NVDA
606.55,608.88,594.78,599.67,599.67,16807786.0,16807786.0,-6.88,-1.134,601.11,"May 21, 21",-0.01134,NVDA
608.5,629.78,608.1,624.48,624.48,13317574.0,13317574.0,15.98,2.626,620.78667,"May 24, 21",0.02626,NVDA
630.64,632.74,619.3,625.91,625.91,10892665.0,10892665.0,-4.73,-0.75,625.98333,"May 25, 21",-0.0075,NVDA
629.37,631.75,623.45,628.0,628.0,7961376.0,7961376.0,-1.37,-0.218,627.73333,"May 26, 21",-0.00218,NVDA
627.99,630.0,618.4,619.52,619.52,13311035.0,13311035.0,-8.47,-1.349,622.64,"May 27, 21",-0.01349,NVDA
620.04,651.1,620.04,649.78,649.78,16154350.0,16154350.0,29.74,4.796,640.30667,"May 28, 21",0.04796,NVDA
61.900002,63.66,61.619999,62.93,62.054142,33395700.0,33395700.0,1.03,1.664,62.73667,"May 29, 20",0.01664,INTC
62.490002,62.66,61.66,61.860001,60.999035,14317700.0,14317700.0,-0.63,-1.008,62.06,"June 01, 20",-0.01008,INTC
61.700001,62.169998,60.830002,62.119999,61.255417,20702400.0,20702400.0,0.42,0.681,61.70667,"June 02, 20",0.00681,INTC
62.450001,62.540001,61.529999,61.93,61.068058,16737300.0,16737300.0,-0.52,-0.833,62.0,"June 03, 20",-0.00833,INTC
61.740002,63.470001,61.34,62.970001,62.093586,22010100.0,22010100.0,1.23,1.992,62.59333,"June 04, 20",0.01992,INTC
63.360001,65.110001,63.16,64.339996,63.444511,26813100.0,26813100.0,0.98,1.547,64.20333,"June 05, 20",0.01547,INTC
63.970001,64.150002,62.939999,63.669998,62.783844,21546200.0,21546200.0,-0.3,-0.469,63.58667,"June 08, 20",-0.00469,INTC
62.990002,63.709999,62.900002,63.040001,62.162613,23594100.0,23594100.0,0.05,0.079,63.21667,"June 09, 20",0.00079,INTC
62.790001,64.290001,62.75,63.869999,62.981056,21367800.0,21367800.0,1.08,1.72,63.63667,"June 10, 20",0.0172,INTC
63.07,63.299999,59.52,59.700001,58.869099,26998200.0,26998200.0,-3.37,-5.343,60.84,"June 11, 20",-0.05343,INTC
60.110001,60.959999,58.119999,59.330002,58.50425,30404600.0,30404600.0,-0.78,-1.298,59.47,"June 12, 20",-0.01298,INTC
59.330002,60.360001,58.580002,60.099998,59.263527,29651700.0,29651700.0,0.77,1.298,59.68,"June 15, 20",0.01298,INTC
61.490002,61.650002,59.490002,60.400002,59.559357,23226600.0,23226600.0,-1.09,-1.773,60.51334,"June 16, 20",-0.01773,INTC
60.740002,61.279999,60.060001,60.490002,59.648102,20442300.0,20442300.0,-0.25,-0.412,60.61,"June 17, 20",-0.00412,INTC
60.349998,60.509998,59.32,60.080002,59.243809,24899700.0,24899700.0,-0.27,-0.447,59.97,"June 18, 20",-0.00447,INTC
60.650002,60.889999,59.099998,59.619999,58.790211,60336100.0,60336100.0,-1.03,-1.698,59.87,"June 19, 20",-0.01698,INTC
59.73,60.549999,58.830002,60.09,59.25367,22846000.0,22846000.0,0.36,0.603,59.82333,"June 22, 20",0.00603,INTC
60.189999,60.470001,59.860001,59.919998,59.086033,22809600.0,22809600.0,-0.27,-0.449,60.08333,"June 23, 20",-0.00449,INTC
59.639999,59.810001,58.669998,59.09,58.267586,27764500.0,27764500.0,-0.55,-0.922,59.19,"June 24, 20",-0.00922,INTC
58.98,59.09,57.48,58.509998,57.695656,21906900.0,21906900.0,-0.47,-0.797,58.36,"June 25, 20",-0.00797,INTC
58.490002,58.73,57.07,57.5,56.699715,38477500.0,38477500.0,-0.99,-1.693,57.76667,"June 26, 20",-0.01693,INTC
57.470001,58.349998,56.759998,58.27,57.459003,22150300.0,22150300.0,0.8,1.392,57.79333,"June 29, 20",0.01392,INTC
58.709999,59.98,58.540001,59.830002,58.997292,31542100.0,31542100.0,1.12,1.908,59.45,"June 30, 20",0.01908,INTC
59.91,60.029999,58.759998,58.810001,57.991486,14748100.0,14748100.0,-1.1,-1.836,59.2,"July 01, 20",-0.01836,INTC
59.189999,59.810001,58.970001,59.130001,58.307034,15578600.0,15578600.0,-0.06,-0.101,59.30333,"July 02, 20",-0.00101,INTC
58.720001,59.619999,58.599998,59.540001,58.711323,20536700.0,20536700.0,0.82,1.396,59.25333,"July 06, 20",0.01396,INTC
59.07,59.57,58.139999,58.310001,57.498444,15996500.0,15996500.0,-0.76,-1.287,58.67333,"July 07, 20",-0.01287,INTC
58.450001,58.700001,57.93,58.610001,57.79427,13277900.0,13277900.0,0.16,0.274,58.41333,"July 08, 20",0.00274,INTC
58.200001,58.75,57.700001,58.419998,57.606911,20683700.0,20683700.0,0.22,0.378,58.29,"July 09, 20",0.00378,INTC
57.950001,59.689999,57.830002,59.529999,58.701462,17742300.0,17742300.0,1.58,2.726,59.01667,"July 10, 20",0.02726,INTC
59.84,60.619999,58.389999,58.580002,57.764687,19082900.0,19082900.0,-1.26,-2.106,59.19667,"July 13, 20",-0.02106,INTC
57.869999,59.25,57.349998,58.98,58.159119,24190900.0,24190900.0,1.11,1.918,58.52667,"July 14, 20",0.01918,INTC
59.029999,59.34,58.419998,59.029999,58.20842,19977500.0,19977500.0,0.0,0.0,58.93,"July 15, 20",0.0,INTC
58.540001,59.360001,58.400002,59.139999,58.316891,12425900.0,12425900.0,0.6,1.025,58.96667,"July 16, 20",0.01025,INTC
59.419998,60.459999,59.279999,60.0,59.164925,16322800.0,16322800.0,0.58,0.976,59.91333,"July 17, 20",0.00976,INTC
60.080002,61.380001,59.34,61.150002,60.29892,16868700.0,16868700.0,1.07,1.781,60.62333,"July 20, 20",0.01781,INTC
61.52,61.93,60.439999,60.700001,59.855183,19830300.0,19830300.0,-0.82,-1.333,61.02333,"July 21, 20",-0.01333,INTC
61.310001,61.77,60.619999,61.049999,60.200306,18959900.0,18959900.0,-0.26,-0.424,61.14667,"July 22, 20",-0.00424,INTC
61.259998,61.740002,59.98,60.400002,59.559357,43518600.0,43518600.0,-0.86,-1.404,60.70667,"July 23, 20",-0.01404,INTC
52.150002,52.18,49.5,50.59,49.885887,182269900.0,182269900.0,-1.56,-2.991,50.75667,"July 24, 20",-0.02991,INTC
51.029999,51.139999,49.470001,49.57,48.880085,107526500.0,107526500.0,-1.46,-2.861,50.06,"July 27, 20",-0.02861,INTC
49.48,50.23,49.139999,49.240002,48.554684,62362600.0,62362600.0,-0.24,-0.485,49.53667,"July 28, 20",-0.00485,INTC
49.490002,49.5,47.900002,48.07,47.400963,60500800.0,60500800.0,-1.42,-2.869,48.49,"July 29, 20",-0.02869,INTC
47.830002,48.5,47.59,47.990002,47.322079,39735200.0,39735200.0,0.16,0.335,48.02667,"July 30, 20",0.00335,INTC
48.130001,48.32,46.970001,47.73,47.065693,46569900.0,46569900.0,-0.4,-0.831,47.67333,"July 31, 20",-0.00831,INTC
48.27,48.630001,47.740002,48.299999,47.627762,31767100.0,31767100.0,0.03,0.062,48.22333,"August 03, 20",0.00062,INTC
48.599998,49.139999,48.5,49.130001,48.446213,29045800.0,29045800.0,0.53,1.091,48.92333,"August 04, 20",0.01091,INTC
49.720001,49.720001,48.66,48.919998,48.239132,29471100.0,29471100.0,-0.8,-1.609,49.1,"August 05, 20",-0.01609,INTC
48.790001,48.82,48.099998,48.57,48.219276,23795500.0,23795500.0,-0.22,-0.451,48.49667,"August 06, 20",-0.00451,INTC
48.529999,48.650002,47.700001,48.029999,47.683174,36746000.0,36746000.0,-0.5,-1.03,48.12667,"August 07, 20",-0.0103,INTC
48.200001,49.389999,48.060001,49.220001,48.864586,37442600.0,37442600.0,1.02,2.116,48.89,"August 10, 20",0.02116,INTC
49.630001,49.73,48.060001,48.189999,47.842018,35348100.0,35348100.0,-1.44,-2.901,48.66,"August 11, 20",-0.02901,INTC
48.669998,49.259998,48.240002,49.189999,48.834797,30687200.0,30687200.0,0.52,1.068,48.89667,"August 12, 20",0.01068,INTC
49.259998,49.330002,48.389999,48.560001,48.209351,24774500.0,24774500.0,-0.7,-1.421,48.76,"August 13, 20",-0.01421,INTC
48.73,49.209999,48.650002,48.889999,48.536964,22321200.0,22321200.0,0.16,0.328,48.91667,"August 14, 20",0.00328,INTC
49.110001,49.310001,48.73,48.93,48.576679,20018300.0,20018300.0,-0.18,-0.367,48.99,"August 17, 20",-0.00367,INTC
49.259998,49.57,48.619999,48.650002,48.298702,19251400.0,19251400.0,-0.61,-1.238,48.94667,"August 18, 20",-0.01238,INTC
48.790001,48.98,48.25,48.330002,47.98101,27775000.0,27775000.0,-0.46,-0.943,48.52,"August 19, 20",-0.00943,INTC
49.81,50.2,49.0,48.52,48.52,55201940.0,55201940.0,-1.29,-2.59,49.24,"August 20, 20",-0.0259,INTC
49.02,49.310001,48.650002,49.279999,48.924149,34621500.0,34621500.0,0.26,0.53,49.08,"August 21, 20",0.0053,INTC
49.259998,49.400002,48.82,49.139999,48.78516,36295300.0,36295300.0,-0.12,-0.244,49.12,"August 24, 20",-0.00244,INTC
49.349998,49.880001,49.209999,49.43,49.073067,38384300.0,38384300.0,0.08,0.162,49.50667,"August 25, 20",0.00162,INTC
49.389999,49.669998,49.23,49.549999,49.1922,28616600.0,28616600.0,0.16,0.324,49.48333,"August 26, 20",0.00324,INTC
49.790001,49.93,49.169998,49.400002,49.043285,24420600.0,24420600.0,-0.39,-0.783,49.5,"August 27, 20",-0.00783,INTC
49.57,50.799999,49.459999,50.43,50.065845,35384700.0,35384700.0,0.86,1.735,50.23,"August 28, 20",0.01735,INTC
51.0,51.5,50.32,50.950001,50.582092,46114100.0,46114100.0,-0.05,-0.098,50.92333,"August 31, 20",-0.00098,INTC
50.91,51.0,50.220001,50.790001,50.423248,30522700.0,30522700.0,-0.12,-0.236,50.67,"September 01, 20",-0.00236,INTC
51.209999,52.68,51.09,52.25,51.872704,53000700.0,53000700.0,1.04,2.031,52.00667,"September 02, 20",0.02031,INTC
52.5,52.619999,50.139999,50.389999,50.026134,47394300.0,47394300.0,-2.11,-4.019,51.05,"September 03, 20",-0.04019,INTC
50.529999,51.23,49.490002,50.080002,49.718376,43318400.0,43318400.0,-0.45,-0.891,50.26667,"September 04, 20",-0.00891,INTC
49.259998,49.900002,48.849998,48.91,48.55682,39752700.0,39752700.0,-0.35,-0.711,49.22,"September 08, 20",-0.00711,INTC
49.529999,49.970001,49.040001,49.619999,49.261692,33437300.0,33437300.0,0.09,0.182,49.54333,"September 09, 20",0.00182,INTC
50.0,50.09,48.709999,48.959999,48.606461,32649100.0,32649100.0,-1.04,-2.08,49.25333,"September 10, 20",-0.0208,INTC
49.259998,50.049999,48.950001,49.279999,48.924149,29333600.0,29333600.0,0.02,0.041,49.42667,"September 11, 20",0.00041,INTC
48.849998,49.720001,48.849998,49.41,49.053211,27212500.0,27212500.0,0.56,1.146,49.32667,"September 14, 20",0.01146,INTC
49.790001,50.599998,49.73,50.0,49.63895,27598300.0,27598300.0,0.21,0.422,50.11,"September 15, 20",0.00422,INTC
50.509998,51.029999,50.169998,50.369999,50.006279,26531400.0,26531400.0,-0.14,-0.277,50.52333,"September 16, 20",-0.00277,INTC
49.369999,50.490002,49.299999,50.32,49.956638,26959900.0,26959900.0,0.95,1.924,50.03667,"September 17, 20",0.01924,INTC
50.330002,50.5,49.040001,49.889999,49.529743,50123500.0,50123500.0,-0.44,-0.874,49.81,"September 18, 20",-0.00874,INTC
49.389999,49.75,48.830002,49.720001,49.360973,27377100.0,27377100.0,0.33,0.668,49.43333,"September 21, 20",0.00668,INTC
49.889999,50.209999,49.470001,49.950001,49.589314,22290900.0,22290900.0,0.06,0.12,49.87667,"September 22, 20",0.0012,INTC
49.830002,50.150002,48.66,48.82,48.467472,30078800.0,30078800.0,-1.01,-2.027,49.21,"September 23, 20",-0.02027,INTC
48.529999,49.639999,48.419998,49.16,48.805016,29343400.0,29343400.0,0.63,1.298,49.07333,"September 24, 20",0.01298,INTC
48.959999,50.279999,48.75,49.939999,49.579384,26633400.0,26633400.0,0.98,2.002,49.65667,"September 25, 20",0.02002,INTC
50.509998,51.459999,50.16,51.43,51.058624,29652200.0,29652200.0,0.92,1.821,51.01667,"September 28, 20",0.01821,INTC
51.310001,51.740002,50.950001,51.189999,50.820358,19558200.0,19558200.0,-0.12,-0.234,51.29333,"September 29, 20",-0.00234,INTC
51.240002,52.380001,51.150002,51.779999,51.406097,27698300.0,27698300.0,0.54,1.054,51.77,"September 30, 20",0.01054,INTC
52.400002,52.720001,51.990002,52.240002,51.862778,22127600.0,22127600.0,-0.16,-0.305,52.31667,"October 01, 20",-0.00305,INTC
51.5,51.98,50.990002,51.009998,50.641655,25811800.0,25811800.0,-0.49,-0.951,51.32667,"October 02, 20",-0.00951,INTC
51.299999,51.810001,51.27,51.689999,51.316746,20883200.0,20883200.0,0.39,0.76,51.59,"October 05, 20",0.0076,INTC
51.709999,52.700001,51.23,51.369999,50.999058,25642800.0,25642800.0,-0.34,-0.658,51.76667,"October 06, 20",-0.00658,INTC
51.849998,52.900002,51.790001,52.669998,52.289669,21978700.0,21978700.0,0.82,1.581,52.45333,"October 07, 20",0.01581,INTC
52.91,53.580002,52.669998,53.369999,52.984615,22369500.0,22369500.0,0.46,0.869,53.20667,"October 08, 20",0.00869,INTC
53.549999,53.849998,52.669998,52.82,52.438587,24343900.0,24343900.0,-0.73,-1.363,53.11333,"October 09, 20",-0.01363,INTC
53.549999,54.200001,53.209999,53.880001,53.490936,27303500.0,27303500.0,0.33,0.616,53.76333,"October 12, 20",0.00616,INTC
54.27,54.290001,53.619999,53.830002,53.441296,20005800.0,20005800.0,-0.44,-0.811,53.91333,"October 13, 20",-0.00811,INTC
54.009998,54.400002,53.509998,53.549999,53.163315,21885100.0,21885100.0,-0.46,-0.852,53.82,"October 14, 20",-0.00852,INTC
52.75,53.98,52.619999,53.849998,53.461147,18272900.0,18272900.0,1.1,2.085,53.48333,"October 15, 20",0.02085,INTC
53.900002,54.700001,53.900002,54.16,53.768913,23414400.0,23414400.0,0.26,0.482,54.25333,"October 16, 20",0.00482,INTC
54.470001,56.23,53.84,54.580002,54.185879,43537200.0,43537200.0,0.11,0.202,54.88333,"October 19, 20",0.00202,INTC
54.599998,54.700001,53.27,53.43,53.044182,27224900.0,27224900.0,-1.17,-2.143,53.8,"October 20, 20",-0.02143,INTC
53.139999,54.07,52.82,53.5,53.113678,21866000.0,21866000.0,0.36,0.677,53.46333,"October 21, 20",0.00677,INTC
53.119999,54.220001,53.07,53.900002,53.510792,41522700.0,41522700.0,0.78,1.468,53.73,"October 22, 20",0.01468,INTC
48.349998,48.669998,47.66,48.200001,47.851948,97322500.0,97322500.0,-0.15,-0.31,48.17667,"October 23, 20",-0.0031,INTC
47.849998,47.860001,46.25,46.720001,46.382637,54161300.0,54161300.0,-1.13,-2.362,46.94333,"October 26, 20",-0.02362,INTC
45.98,46.41,45.360001,45.639999,45.310432,50130500.0,50130500.0,-0.34,-0.739,45.80333,"October 27, 20",-0.00739,INTC
44.889999,45.290001,44.200001,44.25,43.930473,45066000.0,45066000.0,-0.64,-1.426,44.58,"October 28, 20",-0.01426,INTC
44.240002,44.470001,43.919998,44.110001,43.791485,36796800.0,36796800.0,-0.13,-0.294,44.16667,"October 29, 20",-0.00294,INTC
44.099998,44.799999,43.610001,44.279999,43.960255,46781300.0,46781300.0,0.18,0.408,44.23,"October 30, 20",0.00408,INTC
44.959999,45.060001,44.240002,44.459999,44.138954,33856700.0,33856700.0,-0.5,-1.112,44.58667,"November 02, 20",-0.01112,INTC
44.73,45.459999,44.700001,44.849998,44.526138,34349500.0,34349500.0,0.12,0.268,45.00333,"November 03, 20",0.00268,INTC
45.110001,46.150002,44.779999,45.700001,45.370003,34748200.0,34748200.0,0.59,1.308,45.54333,"November 04, 20",0.01308,INTC
46.150002,46.380001,45.529999,45.68,45.68,31103200.0,31103200.0,-0.47,-1.018,45.86333,"November 05, 20",-0.01018,INTC
45.540001,45.799999,44.900002,45.389999,45.389999,36233700.0,36233700.0,-0.15,-0.329,45.36333,"November 06, 20",-0.00329,INTC
46.639999,47.349998,45.540001,45.599998,45.599998,48481700.0,48481700.0,-1.04,-2.23,46.16333,"November 09, 20",-0.0223,INTC
45.400002,46.48,45.25,45.439999,45.439999,39224500.0,39224500.0,0.04,0.088,45.72333,"November 10, 20",0.00088,INTC
45.900002,46.459999,45.860001,46.349998,46.349998,31496900.0,31496900.0,0.45,0.98,46.22333,"November 11, 20",0.0098,INTC
46.130001,46.189999,44.549999,44.950001,44.950001,42881300.0,42881300.0,-1.18,-2.558,45.23,"November 12, 20",-0.02558,INTC
44.990002,45.580002,44.970001,45.459999,45.459999,30884700.0,30884700.0,0.47,1.045,45.33667,"November 13, 20",0.01045,INTC
46.040001,46.75,45.790001,46.189999,46.189999,36306300.0,36306300.0,0.15,0.326,46.24333,"November 16, 20",0.00326,INTC
45.75,46.119999,45.41,45.529999,45.529999,31118000.0,31118000.0,-0.22,-0.481,45.68667,"November 17, 20",-0.00481,INTC
45.549999,45.689999,45.040001,45.060001,45.060001,32817900.0,32817900.0,-0.49,-1.076,45.26333,"November 18, 20",-0.01076,INTC
44.919998,45.669998,44.700001,45.619999,45.619999,29469100.0,29469100.0,0.7,1.558,45.33,"November 19, 20",0.01558,INTC
45.66,45.880001,45.330002,45.389999,45.389999,24183700.0,24183700.0,-0.27,-0.591,45.53333,"November 20, 20",-0.00591,INTC
45.48,46.209999,45.450001,46.060001,46.060001,35489600.0,35489600.0,0.58,1.275,45.90667,"November 23, 20",0.01275,INTC
46.290001,47.299999,46.009998,47.009998,47.009998,33901200.0,33901200.0,0.72,1.555,46.77333,"November 24, 20",0.01555,INTC
47.029999,47.18,46.57,47.049999,47.049999,28126900.0,28126900.0,0.02,0.043,46.93333,"November 25, 20",0.00043,INTC
47.360001,48.099998,47.360001,47.450001,47.450001,15921400.0,15921400.0,0.09,0.19,47.63667,"November 27, 20",0.0019,INTC
47.419998,48.5,47.27,48.349998,48.349998,46332700.0,46332700.0,0.93,1.961,48.04,"November 30, 20",0.01961,INTC
48.75,50.23,48.709999,49.560001,49.560001,57778200.0,57778200.0,0.81,1.662,49.5,"December 01, 20",0.01662,INTC
49.220001,50.060001,49.18,49.900002,49.900002,33753500.0,33753500.0,0.68,1.382,49.71333,"December 02, 20",0.01382,INTC
49.919998,51.110001,49.779999,50.990002,50.990002,50261200.0,50261200.0,1.07,2.143,50.62667,"December 03, 20",0.02143,INTC
51.060001,52.650002,51.0,51.990002,51.990002,39767700.0,39767700.0,0.93,1.821,51.88,"December 04, 20",0.01821,INTC
51.0,51.290001,49.560001,50.200001,50.200001,51040300.0,51040300.0,-0.8,-1.569,50.35,"December 07, 20",-0.01569,INTC
49.830002,50.720001,49.810001,50.689999,50.689999,28956500.0,28956500.0,0.86,1.726,50.40667,"December 08, 20",0.01726,INTC
50.279999,50.84,49.73,50.07,50.07,34068400.0,34068400.0,-0.21,-0.418,50.21333,"December 09, 20",-0.00418,INTC
49.66,50.720001,49.59,50.259998,50.259998,33706000.0,33706000.0,0.6,1.208,50.19,"December 10, 20",0.01208,INTC
50.139999,50.139999,49.119999,49.73,49.73,29398800.0,29398800.0,-0.41,-0.818,49.66333,"December 11, 20",-0.00818,INTC
49.82,51.34,49.740002,50.470001,50.470001,33436400.0,33436400.0,0.65,1.305,50.51667,"December 14, 20",0.01305,INTC
50.98,51.009998,50.209999,50.669998,50.669998,25473000.0,25473000.0,-0.31,-0.608,50.63,"December 15, 20",-0.00608,INTC
50.709999,51.459999,50.68,51.119999,51.119999,28351000.0,28351000.0,0.41,0.809,51.08667,"December 16, 20",0.00809,INTC
51.150002,51.32,50.220001,50.650002,50.650002,26399000.0,26399000.0,-0.5,-0.978,50.73,"December 17, 20",-0.00978,INTC
50.57,50.68,47.110001,47.459999,47.459999,119298400.0,119298400.0,-3.11,-6.15,48.41667,"December 18, 20",-0.0615,INTC
46.32,46.450001,45.240002,46.360001,46.360001,53775700.0,53775700.0,0.04,0.086,46.01667,"December 21, 20",0.00086,INTC
46.25,46.34,45.77,46.169998,46.169998,32171200.0,32171200.0,-0.08,-0.173,46.09333,"December 22, 20",-0.00173,INTC
46.169998,47.029999,46.07,46.57,46.57,22564200.0,22564200.0,0.4,0.866,46.55667,"December 23, 20",0.00866,INTC
46.599998,47.09,46.34,47.07,47.07,11865600.0,11865600.0,0.47,1.009,46.83333,"December 24, 20",0.01009,INTC
47.189999,47.639999,46.860001,47.07,47.07,21269200.0,21269200.0,-0.12,-0.254,47.19,"December 28, 20",-0.00254,INTC
47.220001,50.669998,46.490002,49.389999,49.389999,84531400.0,84531400.0,2.17,4.596,48.85,"December 29, 20",0.04596,INTC
49.110001,49.189999,48.560001,48.75,48.75,37385400.0,37385400.0,-0.36,-0.733,48.83333,"December 30, 20",-0.00733,INTC
48.75,50.189999,48.720001,49.82,49.82,28565500.0,28565500.0,1.07,2.195,49.57667,"December 31, 20",0.02195,INTC
49.889999,51.389999,49.400002,49.669998,49.669998,46102500.0,46102500.0,-0.22,-0.441,50.15333,"January 04, 21",-0.00441,INTC
49.450001,50.830002,49.330002,50.610001,50.610001,24866600.0,24866600.0,1.16,2.346,50.25667,"January 05, 21",0.02346,INTC
50.439999,52.150002,50.200001,51.099998,51.099998,36809600.0,36809600.0,0.66,1.308,51.15,"January 06, 21",0.01308,INTC
51.490002,52.689999,51.299999,52.189999,52.189999,32092300.0,32092300.0,0.7,1.359,52.06,"January 07, 21",0.01359,INTC
52.450001,52.529999,51.27,51.650002,51.650002,34625400.0,34625400.0,-0.8,-1.525,51.81667,"January 08, 21",-0.01525,INTC
51.290001,52.240002,51.25,51.540001,51.229046,32933300.0,32933300.0,0.25,0.487,51.67667,"January 11, 21",0.00487,INTC
51.900002,53.849998,51.560001,53.240002,52.918789,39883900.0,39883900.0,1.34,2.582,52.88333,"January 12, 21",0.02582,INTC
59.5,60.25,56.900002,56.950001,56.606403,124070700.0,124070700.0,-2.55,-4.286,58.03333,"January 13, 21",-0.04286,INTC
58.450001,60.139999,57.84,59.25,58.892529,74680900.0,74680900.0,0.8,1.369,59.07667,"January 14, 21",0.01369,INTC
58.849998,59.650002,57.5,57.580002,57.232605,50265400.0,50265400.0,-1.27,-2.158,58.24333,"January 15, 21",-0.02158,INTC
57.939999,58.34,57.099998,57.990002,57.640129,35647100.0,35647100.0,0.05,0.086,57.81,"January 19, 21",0.00086,INTC
58.240002,59.220001,58.09,58.669998,58.316025,28701300.0,28701300.0,0.43,0.738,58.66,"January 20, 21",0.00738,INTC
59.040001,63.950001,58.220001,62.459999,62.08316,87156500.0,87156500.0,3.42,5.793,61.54333,"January 21, 21",0.05793,INTC
58.849998,59.619999,56.650002,56.66,56.318153,85729300.0,85729300.0,-2.19,-3.721,57.64333,"January 22, 21",-0.03721,INTC
56.380001,56.5,54.060001,55.439999,55.105511,61968500.0,61968500.0,-0.94,-1.667,55.33333,"January 25, 21",-0.01667,INTC
55.279999,56.200001,54.849998,55.209999,54.8769,31485900.0,31485900.0,-0.07,-0.127,55.42,"January 26, 21",-0.00127,INTC
54.610001,54.849998,53.299999,53.59,53.266674,49722900.0,49722900.0,-1.02,-1.868,53.91333,"January 27, 21",-0.01868,INTC
54.790001,57.400002,54.700001,56.07,55.731712,49202600.0,49202600.0,1.28,2.336,56.05667,"January 28, 21",0.02336,INTC
55.98,57.16,55.360001,55.509998,55.175091,37256200.0,37256200.0,-0.47,-0.84,56.01,"January 29, 21",-0.0084,INTC
55.950001,57.389999,55.709999,56.689999,56.347969,26926600.0,26926600.0,0.74,1.323,56.59667,"February 01, 21",0.01323,INTC
57.189999,58.279999,56.880001,58.0,57.65007,23580900.0,23580900.0,0.81,1.416,57.72,"February 02, 21",0.01416,INTC
57.889999,58.330002,57.380001,57.68,57.332001,21893200.0,21893200.0,-0.21,-0.363,57.79667,"February 03, 21",-0.00363,INTC
57.610001,58.880001,57.189999,58.790001,58.790001,29853800.0,29853800.0,1.18,2.048,58.28667,"February 04, 21",0.02048,INTC
59.0,59.080002,58.119999,58.18,58.18,23422400.0,23422400.0,-0.82,-1.39,58.46,"February 05, 21",-0.0139,INTC
58.380001,59.220001,57.950001,59.16,59.16,34358300.0,34358300.0,0.78,1.336,58.77667,"February 08, 21",0.01336,INTC
58.77,59.310001,57.939999,58.779999,58.779999,28754100.0,28754100.0,0.01,0.017,58.67667,"February 09, 21",0.00017,INTC
59.299999,59.419998,58.119999,58.860001,58.860001,16325100.0,16325100.0,-0.44,-0.742,58.8,"February 10, 21",-0.00742,INTC
59.099998,60.990002,58.860001,60.66,60.66,27539100.0,27539100.0,1.56,2.64,60.17,"February 11, 21",0.0264,INTC
60.599998,62.509998,60.43,61.810001,61.810001,26214200.0,26214200.0,1.21,1.997,61.58333,"February 12, 21",0.01997,INTC
62.0,62.869999,61.700001,62.470001,62.470001,26326300.0,26326300.0,0.47,0.758,62.34667,"February 16, 21",0.00758,INTC
61.490002,62.189999,61.209999,61.849998,61.849998,21055400.0,21055400.0,0.36,0.585,61.75,"February 17, 21",0.00585,INTC
60.650002,61.98,60.639999,61.610001,61.610001,17846100.0,17846100.0,0.96,1.583,61.41,"February 18, 21",0.01583,INTC
61.91,63.259998,61.849998,63.009998,63.009998,28290100.0,28290100.0,1.1,1.777,62.70666,"February 19, 21",0.01777,INTC
61.880001,62.700001,60.66,60.709999,60.709999,32288200.0,32288200.0,-1.17,-1.891,61.35667,"February 22, 21",-0.01891,INTC
60.48,61.5,59.169998,61.119999,61.119999,27374600.0,27374600.0,0.64,1.058,60.59667,"February 23, 21",0.01058,INTC
60.529999,63.279999,60.380001,63.189999,63.189999,24669900.0,24669900.0,2.66,4.395,62.28333,"February 24, 21",0.04395,INTC
62.41,63.540001,60.130001,60.400002,60.400002,36394000.0,36394000.0,-2.01,-3.221,61.35667,"February 25, 21",-0.03221,INTC
60.889999,61.689999,59.68,60.779999,60.779999,38216800.0,38216800.0,-0.11,-0.181,60.71667,"February 26, 21",-0.00181,INTC
61.720001,63.080002,61.650002,62.880001,62.880001,28495400.0,28495400.0,1.16,1.879,62.53667,"March 01, 21",0.01879,INTC
62.799999,63.139999,61.110001,61.240002,61.240002,23320000.0,23320000.0,-1.56,-2.484,61.83,"March 02, 21",-0.02484,INTC
60.639999,61.52,59.700001,59.900002,59.900002,28740400.0,28740400.0,-0.74,-1.22,60.37333,"March 03, 21",-0.0122,INTC
59.830002,60.240002,57.91,58.330002,58.330002,40210400.0,40210400.0,-1.5,-2.507,58.82667,"March 04, 21",-0.02507,INTC
59.259998,61.18,58.509998,60.740002,60.740002,39511700.0,39511700.0,1.48,2.497,60.14333,"March 05, 21",0.02497,INTC
60.470001,61.700001,59.720001,59.849998,59.849998,33112400.0,33112400.0,-0.62,-1.025,60.42333,"March 08, 21",-0.01025,INTC
61.18,63.169998,60.84,62.669998,62.669998,36387500.0,36387500.0,1.49,2.435,62.22667,"March 09, 21",0.02435,INTC
63.220001,64.120003,62.130001,62.25,62.25,27160300.0,27160300.0,-0.97,-1.534,62.83333,"March 10, 21",-0.01534,INTC
62.939999,64.089996,62.389999,63.310001,63.310001,30701800.0,30701800.0,0.37,0.588,63.26333,"March 11, 21",0.00588,INTC
62.650002,63.299999,62.240002,62.900002,62.900002,20173000.0,20173000.0,0.25,0.399,62.81333,"March 12, 21",0.00399,INTC
63.610001,63.880001,62.48,63.790001,63.790001,21247400.0,21247400.0,0.18,0.283,63.38333,"March 15, 21",0.00283,INTC
64.150002,65.730003,64.080002,64.779999,64.779999,30186600.0,30186600.0,0.63,0.982,64.86333,"March 16, 21",0.00982,INTC
64.220001,66.290001,63.709999,65.779999,65.779999,32394700.0,32394700.0,1.56,2.429,65.26,"March 17, 21",0.02429,INTC
65.629997,65.699997,63.650002,63.73,63.73,30107900.0,30107900.0,-1.9,-2.895,64.36,"March 18, 21",-0.02895,INTC
63.18,64.989998,62.919998,63.759998,63.759998,54951700.0,54951700.0,0.58,0.918,63.89,"March 19, 21",0.00918,INTC
64.82,66.379997,64.559998,65.629997,65.629997,34380100.0,34380100.0,0.81,1.25,65.52333,"March 22, 21",0.0125,INTC
66.0,66.050003,63.169998,63.48,63.48,35160000.0,35160000.0,-2.52,-3.818,64.23333,"March 23, 21",-0.03818,INTC
66.580002,67.440002,61.990002,62.040001,62.040001,74584700.0,74584700.0,-4.54,-6.819,63.82333,"March 24, 21",-0.06819,INTC
61.66,62.439999,60.98,62.02,62.02,35401400.0,35401400.0,0.36,0.584,61.81333,"March 25, 21",0.00584,INTC
61.799999,64.970001,61.77,64.870003,64.870003,34705800.0,34705800.0,3.07,4.968,63.87,"March 26, 21",0.04968,INTC
64.010002,65.129997,63.610001,64.5,64.5,26161600.0,26161600.0,0.49,0.766,64.41333,"March 29, 21",0.00766,INTC
63.77,64.0,63.150002,63.77,63.77,20709500.0,20709500.0,0.0,0.0,63.64,"March 30, 21",0.0,INTC
64.010002,64.489998,63.580002,64.0,64.0,33013200.0,33013200.0,-0.01,-0.016,64.02333,"March 31, 21",-0.00016,INTC
64.720001,64.889999,63.580002,64.550003,64.550003,31416300.0,31416300.0,-0.17,-0.263,64.34,"April 01, 21",-0.00263,INTC
64.949997,66.739998,64.699997,66.540001,66.540001,27947500.0,27947500.0,1.59,2.448,65.99333,"April 05, 21",0.02448,INTC
66.059998,66.580002,65.290001,65.559998,65.559998,28771400.0,28771400.0,-0.5,-0.757,65.81,"April 06, 21",-0.00757,INTC
65.669998,66.57,65.360001,66.25,66.25,17793300.0,17793300.0,0.58,0.883,66.06,"April 07, 21",0.00883,INTC
66.970001,67.290001,66.360001,67.050003,67.050003,22224200.0,22224200.0,0.08,0.119,66.9,"April 08, 21",0.00119,INTC
66.800003,68.400002,66.629997,68.260002,68.260002,27177100.0,27177100.0,1.46,2.186,67.76333,"April 09, 21",0.02186,INTC
68.199997,68.489998,64.709999,65.410004,65.410004,51266900.0,51266900.0,-2.78999,-4.091,66.20333,"April 12, 21",-0.04091,INTC
65.610001,65.629997,64.209999,65.220001,65.220001,26822000.0,26822000.0,-0.39,-0.594,65.02,"April 13, 21",-0.00594,INTC
65.309998,65.379997,63.84,64.190002,64.190002,25768400.0,25768400.0,-1.12,-1.715,64.47,"April 14, 21",-0.01715,INTC
63.97,65.22,63.68,65.02,65.02,25067132.0,25067132.0,1.05,1.641,64.64,"April 15, 21",0.01641,INTC
65.33,65.52,64.57,64.75,64.75,24691759.0,24691759.0,-0.58,-0.888,64.94667,"April 16, 21",-0.00888,INTC
64.7,64.74,63.07,63.63,63.63,24204880.0,24204880.0,-1.07,-1.654,63.81333,"April 19, 21",-0.01654,INTC
63.64,63.76,62.41,62.7,62.7,20010520.0,20010520.0,-0.94,-1.477,62.95667,"April 20, 21",-0.01477,INTC
62.79,63.77,62.3,63.7,63.7,18045263.0,18045263.0,0.91,1.449,63.25667,"April 21, 21",0.01449,INTC
63.35,63.91,62.28,62.57,62.57,31598159.0,31598159.0,-0.78,-1.231,62.92,"April 22, 21",-0.01231,INTC
59.16,60.0,57.9,59.24,59.24,78268806.0,78268806.0,0.08,0.135,59.04667,"April 23, 21",0.00135,INTC
59.1,59.52,58.46,58.76,58.76,37714467.0,37714467.0,-0.34,-0.575,58.91333,"April 26, 21",-0.00575,INTC
58.56,58.63,57.77,57.97,57.97,38273965.0,38273965.0,-0.59,-1.008,58.12333,"April 27, 21",-0.01008,INTC
57.52,58.15,57.16,57.62,57.62,29622818.0,29622818.0,0.1,0.174,57.64333,"April 28, 21",0.00174,INTC
57.88,58.3,57.47,58.28,58.28,22448375.0,22448375.0,0.4,0.691,58.01667,"April 29, 21",0.00691,INTC
57.61,58.43,57.07,57.53,57.53,31020794.0,31020794.0,-0.08,-0.139,57.67667,"April 30, 21",-0.00139,INTC
57.86,57.88,56.84,57.26,57.26,22390439.0,22390439.0,-0.6,-1.037,57.32667,"May 03, 21",-0.01037,INTC
56.88,56.98,55.82,56.9,56.9,33709640.0,33709640.0,0.02,0.035,56.56667,"May 04, 21",0.00035,INTC
56.96,57.3,56.46,56.85,56.85,19889750.0,19889750.0,-0.11,-0.193,56.87,"May 05, 21",-0.00193,INTC
56.62,57.25,56.25,57.19,57.19,25715698.0,25715698.0,0.57,1.007,56.89667,"May 06, 21",0.01007,INTC
57.7,58.01,57.24,57.67,57.67,19970800.0,19970800.0,-0.03,-0.052,57.64,"May 07, 21",-0.00052,INTC
57.15,57.23,55.88,55.97,55.97,35102346.0,35102346.0,-1.18,-2.065,56.36,"May 10, 21",-0.02065,INTC
55.05,55.63,54.3,55.04,55.04,35666264.0,35666264.0,-0.01,-0.018,54.99,"May 11, 21",-0.00018,INTC
54.39,54.65,53.42,53.62,53.62,30419918.0,30419918.0,-0.77,-1.416,53.89667,"May 12, 21",-0.01416,INTC
54.04,54.39,53.46,54.01,54.01,29247154.0,29247154.0,-0.03,-0.056,53.95333,"May 13, 21",-0.00056,INTC
54.6,55.85,54.26,55.35,55.35,28280260.0,28280260.0,0.75,1.374,55.15333,"May 14, 21",0.01374,INTC
55.29,55.89,54.76,55.33,55.33,19913475.0,19913475.0,0.04,0.072,55.32667,"May 17, 21",0.00072,INTC
55.95,56.14,54.8,54.84,54.84,18834031.0,18834031.0,-1.11,-1.984,55.26,"May 18, 21",-0.01984,INTC
54.07,55.43,53.84,55.36,55.36,22006480.0,22006480.0,1.29,2.386,54.87667,"May 19, 21",0.02386,INTC
55.57,56.24,55.36,55.95,55.95,22777860.0,22777860.0,0.38,0.684,55.85,"May 20, 21",0.00684,INTC
56.42,56.71,55.98,56.08,56.08,17742768.0,17742768.0,-0.34,-0.603,56.25667,"May 21, 21",-0.00603,INTC
56.65,57.39,56.4,56.96,56.96,19185711.0,19185711.0,0.31,0.547,56.91667,"May 24, 21",0.00547,INTC
57.56,57.56,56.42,56.87,56.87,22410591.0,22410591.0,-0.69,-1.199,56.95,"May 25, 21",-0.01199,INTC
57.05,57.23,56.59,56.92,56.92,14028010.0,14028010.0,-0.13,-0.228,56.91333,"May 26, 21",-0.00228,INTC
57.11,57.88,57.0,57.73,57.73,30597579.0,30597579.0,0.62,1.086,57.53667,"May 27, 21",0.01086,INTC
57.55,57.65,56.94,57.12,57.12,19237623.0,19237623.0,-0.43,-0.747,57.23667,"May 28, 21",-0.00747,INTC
